Aviso,Nro.,Emisión,Inicio,Fin,Duración,Nivel
Aviso,Nro.,Emisión,Inicio,Fin,Duración,Nivel
INCREMENTO DE VIENTO EN LA SIERRA NORTE,133 (emitido),2026-04-06,2026-04-08,2026-04-09,37 Hrs.,AMARILLO
LLUVIA EN LA SELVA,128 (vigente),2026-04-04,2026-04-06,2026-04-07,47 Hrs.,NARANJA
INCREMENTO DE VIENTO EN LA SIERRA NORTE Y CENTRO,125,2026-04-02,2026-04-04,2026-04-06,71 Hrs.,NARANJA
LLUVIA EN LA SELVA,124,2026-04-02,2026-04-04,2026-04-05,47 Hrs.,AMARILLO
LLUVIA EN LA SELVA,120,2026-03-30,2026-04-01,2026-04-03,61 Hrs.,AMARILLO
INCREMENTO DE TEMPERATURA DIURNA EN LA SIERRA NORTE Y CENTRO,119,2026-03-30,2026-04-01,2026-04-02,37 Hrs.,NARANJA
LLUVIA EN LA SELVA,114,2026-03-27,2026-03-29,2026-03-31,71 Hrs.,NARANJA
LLUVIA EN LA SELVA (EXTENSIÓN DEL AVISO 103),111,2026-03-25,2026-03-27,2026-03-28,47 Hrs.,NARANJA
INCREMENTO DE TEMPERATURA DIURNA EN LA SIERRA NORTE,108,2026-03-24,2026-03-25,2026-03-25,23 Hrs.,NARANJA
INCREMENTO DE TEMPERATURA DIURNA EN LA SIERRA NORTE (EXTENSIÓN DEL AVISO 098),104,2026-03-22,2026-03-24,2026-03-24,16 Hrs.,NARANJA
LLUVIA EN LA SELVA,103,2026-03-22,2026-03-24,2026-03-26,71 Hrs.,NARANJA
INCREMENTO DE TEMPERATURA DIURNA EN LA SIERRA NORTE,098,2026-03-19,2026-03-21,2026-03-23,61 Hrs.,NARANJA
INCREMENTO DE TEMPERATURA DIURNA EN LA COSTA CENTRO Y SUR Y EN LA SIERRA,092,2026-03-16,2026-03-18,2026-03-20,61 Hrs.,NARANJA
PRECIPITACIONES EN LA SIERRA Y COSTA NORTE,086,2026-03-12,2026-03-14,2026-03-14,23 Hrs.,AMARILLO
LLUVIA EN LA SELVA,084,2026-03-11,2026-03-13,2026-03-14,47 Hrs.,NARANJA
PRECIPITACIONES EN LA COSTA Y SIERRA,083,2026-03-11,2026-03-12,2026-03-13,47 Hrs.,NARANJA
LLUVIA EN LA SELVA,082,2026-03-08,2026-03-10,2026-03-12,71 Hrs.,NARANJA
PRECIPITACIONES EN LA SIERRA Y COSTA NORTE,081,2026-03-08,2026-03-10,2026-03-12,71 Hrs.,NARANJA
PRECIPITACIONES EN LA SIERRA Y COSTA NORTE (EXTENSIÓN DEL AVISO 075),080,2026-03-06,2026-03-08,2026-03-09,47 Hrs.,NARANJA
LLUVIA EN LA SELVA,077,2026-03-05,2026-03-07,2026-03-09,71 Hrs.,NARANJA
PRECIPITACIONES EN LA SIERRA Y COSTA NORTE,075,2026-03-03,2026-03-05,2026-03-07,71 Hrs.,NARANJA
LLUVIA EN LA SELVA,057,2026-02-20,2026-02-23,2026-02-25,71 Hrs.,NARANJA
PRECIPITACIONES EN LA SIERRA (EXTENSIÓN DEL AVISO 046 ),051,2026-02-15,2026-02-17,2026-02-18,47 Hrs.,NARANJA
LLUVIA EN LA SELVA,050,2026-02-14,2026-02-16,2026-02-18,71 Hrs.,NARANJA
LLUVIA EN LA SELVA (EXTENSIÓN DEL AVISO 044),047,2026-02-12,2026-02-14,2026-02-15,47 Hrs.,NARANJA
PRECIPITACIONES EN LA SIERRA,046,2026-02-12,2026-02-14,2026-02-16,71 Hrs.,NARANJA
LLUVIA EN LA SELVA,044,2026-02-09,2026-02-11,2026-02-13,71 Hrs.,NARANJA
PRECIPITACIONES EN LA SIERRA Y COSTA NORTE,043,2026-02-09,2026-02-11,2026-02-13,71 Hrs.,NARANJA
PRECIPITACIONES EN LA SIERRA Y COSTA NORTE,040,2026-02-07,2026-02-09,2026-02-10,47 Hrs.,AMARILLO
PRECIPITACIONES EN LA SIERRA Y COSTA NORTE (EXTENSIÓN DEL AVISO 034),038,2026-02-05,2026-02-07,2026-02-08,47 Hrs.,NARANJA
INCREMENTO DE TEMPERATURA DIURNA EN LA SELVA,035,2026-02-03,2026-02-05,2026-02-06,37 Hrs.,NARANJA
PRECIPITACIONES EN LA SIERRA Y COSTA NORTE,034,2026-02-03,2026-02-05,2026-02-06,47 Hrs.,NARANJA
PRECIPITACIONES EN LA SIERRA Y COSTA NORTE,033,2026-02-01,2026-02-03,2026-02-04,47 Hrs.,AMARILLO
LLUVIA EN LA SELVA,032,2026-02-01,2026-02-03,2026-02-04,47 Hrs.,AMARILLO
PRECIPITACIONES EN LA SIERRA Y COSTA NORTE (EXTENSIÓN DEL AVISO 029),030,2026-01-31,2026-02-02,2026-02-02,23 Hrs.,NARANJA
PRECIPITACIONES EN LA SIERRA Y COSTA NORTE,029,2026-01-29,2026-01-30,2026-02-01,71 Hrs.,NARANJA
PRECIPITACIONES EN LA SIERRA (EXTENSION DEL AVISO 025 ),027,2026-01-27,2026-01-29,2026-01-29,23 Hrs.,NARANJA
LLUVIA EN LA SELVA,026,2026-01-25,2026-01-27,2026-01-29,71 Hrs.,NARANJA
LLUVIA EN LA SELVA - (EXTENSIÓN DEL AVISO N017),019,2026-01-20,2026-01-22,2026-01-23,47 Hrs.,NARANJA
PRECIPITACIONES EN LA SIERRA (EXTENSIÓN DEL AVISO N 016),018,2026-01-19,2026-01-21,2026-01-23,71 Hrs.,NARANJA
LLUVIA EN LA SELVA,017,2026-01-18,2026-01-20,2026-01-21,47 Hrs.,NARANJA
PRECIPITACIONES EN LA SIERRA,016,2026-01-17,2026-01-19,2026-01-20,47 Hrs.,NARANJA
LLUVIA EN LA SELVA,015,2026-01-16,2026-01-17,2026-01-18,47 Hrs.,NARANJA
PRECIPITACIONES EN LA SIERRA (EXTENSIÓN DEL AVISO 010),014,2026-01-16,2026-01-17,2026-01-18,47 Hrs.,NARANJA
LLUVIA EN LA SELVA,012,2026-01-13,2026-01-15,2026-01-16,47 Hrs.,NARANJA
PRECIPITACIONES EN LA SIERRA,010,2026-01-12,2026-01-14,2026-01-16,71 Hrs.,NARANJA
LLUVIA EN LA SELVA,009,2026-01-11,2026-01-13,2026-01-14,47 Hrs.,NARANJA
PRECIPITACIONES EN LA SIERRA (EXTENSIÓN DEL AVISO 005),008,2026-01-10,2026-01-11,2026-01-13,71 Hrs.,NARANJA
LLUVIA EN LA SELVA,006,2026-01-06,2026-01-08,2026-01-09,47 Hrs.,NARANJA
PRECIPITACIONES EN LA SIERRA,005,2026-01-06,2026-01-08,2026-01-10,71 Hrs.,NARANJA
LLUVIA EN LA SELVA,004,2026-01-05,2026-01-06,2026-01-06,23 Hrs.,AMARILLO
PRECIPITACIONES EN LA SIERRA (EXTENSIÓN DEL AVISO 001),003,2026-01-04,2026-01-06,2026-01-07,47 Hrs.,NARANJA
LLUVIA EN LA SELVA,002,2026-01-01,2026-01-03,2026-01-05,71 Hrs.,NARANJA
PRECIPITACIONES EN LA SIERRA,001,2026-01-01,2026-01-03,2026-01-05,71 Hrs.,NARANJA
LLUVIA EN LA SELVA,468,2025-12-29,2025-12-31,2026-01-01,47 Hrs.,NARANJA
INCREMENTO DE TEMPERATURA DIURNA EN LA SIERRA Y COSTA NORTE,462,2025-12-24,2025-12-26,2025-12-28,61 Hrs.,NARANJA
DESCENSO DE TEMPERATURA NOCTURNA EN LA SIERRA,461,2025-12-24,2025-12-26,2025-12-28,71 Hrs.,NARANJA
INCREMENTO DE TEMPERATURA DIURNA EN LA SELVA (EXTENSIÓN DEL AVISO 455),458,2025-12-21,2025-12-23,2025-12-24,47 Hrs.,NARANJA
DESCENSO DE TEMPERATURA NOCTURNA EN LA SIERRA Y COSTA SUR,457,2025-12-21,2025-12-23,2025-12-25,71 Hrs.,ROJO
INCREMENTO DE TEMPERATURA DIURNA EN LA SIERRA Y COSTA NORTE,456,2025-12-21,2025-12-23,2025-12-25,71 Hrs.,ROJO
INCREMENTO DE TEMPERATURA DIURNA EN LA SELVA,455,2025-12-18,2025-12-20,2025-12-22,61 Hrs.,NARANJA
INCREMENTO DE TEMPERATURA DIURNA EN LA SIERRA,452,2025-12-17,2025-12-20,2025-12-22,61 Hrs.,ROJO
PRECIPITACIONES EN LA SIERRA,451,2025-12-17,2025-12-19,2025-12-19,23 Hrs.,AMARILLO
LLUVIA EN LA SELVA,450,2025-12-17,2025-12-19,2025-12-19,23 Hrs.,AMARILLO
LLUVIA EN LA SELVA - TRIGÉSIMO FRIAJE,447,2025-12-14,2025-12-16,2025-12-18,53 Hrs.,NARANJA
LLUVIA EN LA SELVA,444,2025-12-13,2025-12-14,2025-12-15,47 Hrs.,NARANJA
INCREMENTO DE TEMPERATURA DIURNA EN LA SIERRA (EXTENSIÓN DEL AVISO 440),442,2025-12-11,2025-12-13,2025-12-14,47 Hrs.,ROJO
INCREMENTO DE TEMPERATURA DIURNA EN LA SIERRA,440,2025-12-08,2025-12-10,2025-12-12,61 Hrs.,ROJO
INCREMENTO DE TEMPERATURA DIURNA EN LA SIERRA Y COSTA,436,2025-12-05,2025-12-07,2025-12-09,61 Hrs.,ROJO
DESCENSO DE TEMPERATURA NOCTURNA EN LA SIERRA,434,2025-12-04,2025-12-06,2025-12-08,71 Hrs.,ROJO
INCREMENTO DE TEMPERATURA DIURNA EN LA SIERRA Y COSTA NORTE,433,2025-12-02,2025-12-04,2025-12-06,61 Hrs.,NARANJA
DESCENSO DE TEMPERATURA NOCTURNA EN LA SIERRA,430,2025-12-01,2025-12-03,2025-12-05,71 Hrs.,NARANJA
INCREMENTO DE TEMPERATURA DIURNA EN LA SIERRA Y COSTA NORTE,428,2025-11-29,2025-12-01,2025-12-03,59 Hrs.,NARANJA
DESCENSO DE TEMPERATURA NOCTURNA EN LA SIERRA,426,2025-11-28,2025-11-30,2025-12-02,71 Hrs.,NARANJA
LLUVIA EN LA SELVA - VIGÉSIMO NOVENO FRIAJE,421,2025-11-20,2025-11-22,2025-11-24,71 Hrs.,NARANJA
LLUVIA EN LA SELVA-VIGÉSIMO OCTAVO FRIAJE,412,2025-11-14,2025-11-17,2025-11-18,27 Hrs.,NARANJA
PRECIPITACIONES EN LA SIERRA NORTE Y CENTRO,409,2025-11-13,2025-11-15,2025-11-17,59 Hrs.,NARANJA
LLUVIA EN LA SELVA - VIGÉSIMO SÉPTIMO FRIAJE,406,2025-11-11,2025-11-14,2025-11-16,61 Hrs.,NARANJA
PRECIPITACIONES EN LA SIERRA NORTE Y CENTRO,403,2025-11-09,2025-11-11,2025-11-12,47 Hrs.,AMARILLO
LLUVIA EN LA SELVA NORTE Y CENTRO,402,2025-11-09,2025-11-10,2025-11-11,47 Hrs.,AMARILLO
PRECIPITACIONES EN LA SIERRA,394,2025-11-03,2025-11-05,2025-11-07,71 Hrs.,NARANJA
LLUVIA EN LA SELVA,391,2025-11-02,2025-11-04,2025-11-05,47 Hrs.,NARANJA
PRECIPITACIONES EN LA SIERRA NORTE Y CENTRO,389,2025-10-31,2025-11-02,2025-11-04,71 Hrs.,NARANJA
PRECIPITACIONES EN LA SIERRA (EXTENSIÓN DEL AVISO 377),382,2025-10-27,2025-10-28,2025-10-28,23 Hrs.,NARANJA
LLUVIA EN LA SELVA - VIGÉSIMO QUINTO FRIAJE,379,2025-10-25,2025-10-28,2025-10-29,47 Hrs.,NARANJA
LLUVIA EN LA SELVA,378,2025-10-24,2025-10-26,2025-10-27,35 Hrs.,NARANJA
PRECIPITACIONES EN LA SIERRA,377,2025-10-24,2025-10-26,2025-10-27,47 Hrs.,NARANJA
PRECIPITACIONES EN LA SIERRA,361,2025-10-13,2025-10-15,2025-10-17,71 Hrs.,NARANJA
PRECIPITACIONES EN LA SIERRA NORTE Y CENTRO,360,2025-10-12,2025-10-13,2025-10-13,23 Hrs.,NARANJA
LLUVIA EN LA SELVA,359,2025-10-11,2025-10-13,2025-10-14,47 Hrs.,NARANJA
DESCENSO DE TEMPERATURA DIURNA EN LA SELVA - VIGÉSIMO TERCER FRIAJE,352,2025-10-04,2025-10-07,2025-10-09,59 Hrs.,AMARILLO
LLUVIA EN LA SELVA - VIGÉSIMO TERCER FRIAJE,350,2025-10-04,2025-10-07,2025-10-09,71 Hrs.,NARANJA
INCREMENTO DE TEMPERATURA DIURNA EN LA SIERRA,349,2025-10-03,2025-10-05,2025-10-06,35 Hrs.,NARANJA
LLUVIA EN LA SELVA,347,2025-09-30,2025-10-02,2025-10-03,37 Hrs.,NARANJA
PRECIPITACIONES EN LA SIERRA (ACTUALIZACIÓN DEL AVISO 338),341,2025-09-22,2025-09-23,2025-09-25,71 Hrs.,NARANJA
PRECIPITACIONES EN LA SIERRA,338,2025-09-21,2025-09-23,2025-09-25,71 Hrs.,NARANJA
DESCENSO DE TEMPERATURA DIURNA EN LA SELVA - VIGÉSIMO SEGUNDO FRIAJE,335,2025-09-20,2025-09-23,2025-09-25,61 Hrs.,NARANJA
LLUVIA EN LA SELVA - VIGÉSIMO SEGUNDO FRIAJE,333,2025-09-19,2025-09-23,2025-09-25,71 Hrs.,NARANJA
INCREMENTO DE TEMPERATURA DIURNA EN LA SIERRA,329,2025-09-17,2025-09-19,2025-09-21,59 Hrs.,NARANJA
INCREMENTO DE VIENTO EN LA SIERRA NORTE,322,2025-09-11,2025-09-13,2025-09-14,37 Hrs.,AMARILLO
INCREMENTO DE TEMPERATURA DIURNA EN LA SIERRA,320,2025-09-11,2025-09-13,2025-09-15,59 Hrs.,AMARILLO
LLUVIA EN LA SELVA NORTE Y CENTRO,319,2025-09-10,2025-09-11,2025-09-12,47 Hrs.,AMARILLO
INCREMENTO DE VIENTO EN LA SIERRA NORTE (EXTENSIÓN DEL AVISO 316),318,2025-09-09,2025-09-11,2025-09-12,47 Hrs.,AMARILLO
INCREMENTO DE VIENTO EN LA SIERRA NORTE,316,2025-09-07,2025-09-09,2025-09-10,47 Hrs.,AMARILLO
DESCENSO DE TEMPERATURA DIURNA EN LA SELVA - VIGÉSIMO PRIMER FRIAJE,311,2025-09-02,2025-09-05,2025-09-06,37 Hrs.,AMARILLO
LLUVIA EN LA SELVA - VIGÉSIMO PRIMER FRIAJE,310,2025-09-02,2025-09-05,2025-09-06,47 Hrs.,AMARILLO
PRECIPITACIONES EN LA SIERRA,309,2025-08-31,2025-09-02,2025-09-04,71 Hrs.,NARANJA
INCREMENTO DE TEMPERATURA DIURNA EN LA SIERRA,308,2025-08-30,2025-09-01,2025-09-01,13 Hrs.,AMARILLO
INCREMENTO DE TEMPERATURA DIURNA EN LA SIERRA (EXTENSIÓN DEL AVISO 298),304,2025-08-28,2025-08-29,2025-08-31,71 Hrs.,NARANJA
INCREMENTO DE TEMPERATURA DIURNA EN LA SELVA,303,2025-08-27,2025-08-29,2025-08-31,61 Hrs.,NARANJA
DESCENSO DE TEMPERATURA NOCTURNA EN LA SIERRA,299,2025-08-26,2025-08-28,2025-08-29,47 Hrs.,AMARILLO
INCREMENTO DE TEMPERATURA DIURNA EN LA SIERRA,298,2025-08-25,2025-08-27,2025-08-28,37 Hrs.,NARANJA
INCREMENTO DE VIENTO EN LA SIERRA NORTE (EXTENSIÓN DEL AVISO 292),297,2025-08-25,2025-08-27,2025-08-28,47 Hrs.,NARANJA
INCREMENTO DE VIENTO EN LA SIERRA NORTE,292,2025-08-22,2025-08-24,2025-08-26,71 Hrs.,AMARILLO
DESCENSO DE TEMPERATURA DIURNA EN LA SELVA-VIGESIMO FRIAJE,291,2025-08-21,2025-08-24,2025-08-26,61 Hrs.,NARANJA
LLUVIA EN LA SELVA-VIGESIMO FRIAJE,289,2025-08-21,2025-08-24,2025-08-26,71 Hrs.,NARANJA
INCREMENTO DE TEMPERATURA DIURNA EN LA SIERRA NORTE Y CENTRO,284,2025-08-18,2025-08-20,2025-08-22,61 Hrs.,NARANJA
INCREMENTO DE TEMPERATURA DIURNA EN LA SELVA,281,2025-08-15,2025-08-17,2025-08-19,61 Hrs.,AMARILLO
DESCENSO DE TEMPERATURA DIURNA EN LA SELVA - DÉCIMO NOVENO FRIAJE,276,2025-08-10,2025-08-14,2025-08-15,37 Hrs.,NARANJA
LLUVIA EN LA SELVA - DÉCIMO NOVENO FRIAJE,275,2025-08-10,2025-08-14,2025-08-15,47 Hrs.,NARANJA
INCREMENTO DE VIENTO EN LA SIERRA NORTE,273,2025-08-08,2025-08-10,2025-08-12,61 Hrs.,AMARILLO
DESCENSO DE TEMPERATURA DIURNA EN LA SELVA - DÉCIMO OCTAVO FRIAJE,270,2025-08-06,2025-08-09,2025-08-10,37 Hrs.,NARANJA
LLUVIA EN LA SELVA - DÉCIMO OCTAVO FRIAJE,269,2025-08-06,2025-08-09,2025-08-10,47 Hrs.,NARANJA
INCREMENTO DE VIENTO EN LA SIERRA NORTE,266,2025-08-02,2025-08-04,2025-08-05,47 Hrs.,AMARILLO
DESCENSO DE TEMPERATURA DIURNA EN LA SELVA - DÉCIMO SÉPTIMO FRIAJE,264,2025-08-01,2025-08-04,2025-08-06,61 Hrs.,NARANJA
LLUVIA EN LA SELVA - DÉCIMO SÉPTIMO FRIAJE,263,2025-08-01,2025-08-04,2025-08-06,59 Hrs.,NARANJA
INCREMENTO DE TEMPERATURA DIURNA EN LA SIERRA NORTE Y CENTRO,254,2025-07-24,2025-07-26,2025-07-28,61 Hrs.,AMARILLO
DESCENSO DE TEMPERATURA NOCTURNA EN LA SIERRA NORTE Y CENTRO,253,2025-07-22,2025-07-24,2025-07-25,47 Hrs.,AMARILLO
INCREMENTO DE TEMPERATURA DIURNA EN LA SELVA,252,2025-07-22,2025-07-24,2025-07-26,61 Hrs.,NARANJA
DESCENSO DE TEMPERATURA NOCTURNA EN LA SIERRA (ACTUALIZACIÓN DEL AVISO 249),251,2025-07-21,2025-07-22,2025-07-23,47 Hrs.,NARANJA
INCREMENTO DE TEMPERATURA DIURNA EN LA SIERRA (EXTENSIÓN DEL AVISO 247),250,2025-07-21,2025-07-23,2025-07-23,23 Hrs.,NARANJA
INCREMENTO DE VIENTO EN LA SIERRA NORTE Y CENTRO,248,2025-07-19,2025-07-21,2025-07-23,71 Hrs.,NARANJA
INCREMENTO DE TEMPERATURA DIURNA EN LA SIERRA,247,2025-07-18,2025-07-20,2025-07-22,61 Hrs.,NARANJA
INCREMENTO DE VIENTO EN LA SIERRA (EXTENSIÓN DEL AVISO 242),246,2025-07-16,2025-07-18,2025-07-20,71 Hrs.,NARANJA
LLUVIA EN LA SELVA - DÉCIMO QUINTO FRIAJE,245,2025-07-15,2025-07-17,2025-07-19,71 Hrs.,AMARILLO
INCREMENTO DE TEMPERATURA DIURNA EN LA SIERRA NORTE Y CENTRO,243,2025-07-14,2025-07-16,2025-07-17,37 Hrs.,NARANJA
INCREMENTO DE VIENTO EN LA SIERRA,242,2025-07-14,2025-07-15,2025-07-17,61 Hrs.,NARANJA
INCREMENTO DE TEMPERATURA DIURNA EN LA SIERRA,239,2025-07-11,2025-07-13,2025-07-15,61 Hrs.,NARANJA
INCREMENTO DE VIENTO EN LA SIERRA NORTE,238,2025-07-10,2025-07-12,2025-07-14,61 Hrs.,NARANJA
DESCENSO DE TEMPERATURA NOCTURNA EN LA SIERRA,237,2025-07-10,2025-07-12,2025-07-13,47 Hrs.,NARANJA
INCREMENTO DE VIENTO EN LA SIERRA NORTE (EXTENSIÓN DEL AVISO 232),236,2025-07-08,2025-07-09,2025-07-11,71 Hrs.,NARANJA
DESCENSO DE TEMPERATURA NOCTURNA EN LA SIERRA,235,2025-07-07,2025-07-09,2025-07-11,71 Hrs.,NARANJA
INCREMENTO DE TEMPERATURA DIURNA EN LA SIERRA,234,2025-07-06,2025-07-09,2025-07-11,61 Hrs.,NARANJA
DESCENSO DE TEMPERATURA NOCTURNA EN LA SIERRA (EXTENSIÓN DEL AVISO 229),233,2025-07-05,2025-07-07,2025-07-08,47 Hrs.,NARANJA
INCREMENTO DE VIENTO EN LA SIERRA NORTE,232,2025-07-04,2025-07-06,2025-07-08,61 Hrs.,NARANJA
INCREMENTO DE TEMPERATURA DIURNA EN LA SIERRA (EXTENSIÓN DEL AVISO 228),231,2025-07-04,2025-07-06,2025-07-08,71 Hrs.,NARANJA
DESCENSO DE TEMPERATURA NOCTURNA EN LA SIERRA,229,2025-07-02,2025-07-04,2025-07-06,71 Hrs.,NARANJA
INCREMENTO DE VIENTO EN LA SIERRA,227,2025-07-01,2025-07-03,2025-07-05,61 Hrs.,NARANJA
DÉCIMO CUARTO FRIAJE EN LA SELVA,226,2025-06-28,2025-07-01,2025-07-03,71 Hrs.,NARANJA
INCREMENTO DE VIENTO EN LA SIERRA NORTE Y CENTRO,225,2025-06-28,2025-06-30,2025-07-02,61 Hrs.,NARANJA
DESCENSO DE TEMPERATURA DIURNA EN LA SELVA - DÉCIMO CUARTO FRIAJE,223,2025-06-27,2025-06-30,2025-07-02,61 Hrs.,ROJO
LLUVIA EN LA SELVA - DÉCIMO CUARTO FRIAJE,222,2025-06-27,2025-06-30,2025-07-02,71 Hrs.,NARANJA
INCREMENTO DE VIENTO EN LA SIERRA (EXTENSIÓN DEL AVISO 217),219,2025-06-26,2025-06-28,2025-06-29,47 Hrs.,NARANJA
INCREMENTO DE TEMPERATURA DIURNA EN LA SIERRA (EXTENSIÓN DEL AVISO 207),210,2025-06-20,2025-06-23,2025-06-23,23 Hrs.,NARANJA
INCREMENTO DE TEMPERATURA DIURNA EN LA SELVA NORTE Y CENTRO,209,2025-06-19,2025-06-22,2025-06-23,37 Hrs.,AMARILLO
DESCENSO DE TEMPERATURA NOCTURNA EN LA SIERRA,208,2025-06-19,2025-06-21,2025-06-23,71 Hrs.,NARANJA
INCREMENTO DE TEMPERATURA DIURNA EN LA SIERRA,207,2025-06-18,2025-06-20,2025-06-22,61 Hrs.,NARANJA
INCREMENTO DE VIENTO EN LA SIERRA,206,2025-06-17,2025-06-18,2025-06-20,61 Hrs.,AMARILLO
LLUVIA EN LA SELVA,201,2025-06-13,2025-06-15,2025-06-17,71 Hrs.,AMARILLO
LLUVIA EN LA SELVA - UNDÉCIMO FRIAJE,192,2025-06-06,2025-06-09,2025-06-11,71 Hrs.,NARANJA
INCREMENTO DE TEMPERATURA DIURNA EN LA SIERRA,191,2025-06-05,2025-06-07,2025-06-09,61 Hrs.,AMARILLO
INCREMENTO DE VIENTO EN LA SIERRA NORTE Y CENTRO,190,2025-06-05,2025-06-07,2025-06-09,71 Hrs.,AMARILLO
INCREMENTO DE TEMPERATURA DIURNA EN LA SIERRA (EXTENSIÓN DEL AVISO 184),187,2025-06-02,2025-06-04,2025-06-06,71 Hrs.,NARANJA
INCREMENTO DE VIENTO EN LA SIERRA NORTE,186,2025-06-02,2025-06-04,2025-06-06,61 Hrs.,AMARILLO
DESCENSO DE TEMPERATURA NOCTURNA EN LA SIERRA,185,2025-06-01,2025-06-03,2025-06-04,47 Hrs.,AMARILLO
INCREMENTO DE TEMPERATURA DIURNA EN LA SIERRA,184,2025-05-30,2025-06-01,2025-06-03,61 Hrs.,NARANJA
INCREMENTO DE VIENTO EN LA SIERRA NORTE Y CENTRO,181,2025-05-29,2025-06-01,2025-06-03,71 Hrs.,AMARILLO
INCREMENTO DE TEMPERATURA DIURNA EN LA SIERRA,177,2025-05-26,2025-05-28,2025-05-30,61 Hrs.,NARANJA
LLUVIA EN LA SELVA - DÉCIMO FRIAJE,172,2025-05-24,2025-05-28,2025-05-30,60 Hrs.,NARANJA
INCREMENTO DE VIENTO EN LA SIERRA NORTE,168,2025-05-20,2025-05-21,2025-05-23,61 Hrs.,NARANJA
INCREMENTO DE TEMPERATURA DIURNA EN LA SIERRA,167,2025-05-19,2025-05-21,2025-05-23,61 Hrs.,NARANJA
LLUVIA EN LA SELVA,165,2025-05-18,2025-05-20,2025-05-21,47 Hrs.,NARANJA
INCREMENTO DE TEMPERATURA DIURNA EN LA SIERRA,162,2025-05-15,2025-05-17,2025-05-18,47 Hrs.,NARANJA
INCREMENTO DE TEMPERATURA DIURNA EN LA SELVA,160,2025-05-11,2025-05-13,2025-05-15,61 Hrs.,NARANJA
INCREMENTO DE VIENTO EN LA SIERRA (EXTENSIÓN DEL AVISO 152),159,2025-05-10,2025-05-12,2025-05-13,47 Hrs.,NARANJA
DESCENSO DE TEMPERATURA DIURNA EN LA SELVA - NOVENO FRIAJE,155,2025-05-08,2025-05-10,2025-05-11,37 Hrs.,AMARILLO
LLUVIA EN LA SELVA - NOVENO FRIAJE,154,2025-05-08,2025-05-10,2025-05-12,71 Hrs.,NARANJA
INCREMENTO DE TEMPERATURA DIURNA EN LA SIERRA (EXTENSIÓN DEL AVISO 149),153,2025-05-08,2025-05-10,2025-05-10,23 Hrs.,NARANJA
INCREMENTO DE VIENTO EN LA SIERRA,152,2025-05-07,2025-05-09,2025-05-11,61 Hrs.,NARANJA
INCREMENTO DE TEMPERATURA DIURNA EN LA SIERRA,149,2025-05-05,2025-05-07,2025-05-09,61 Hrs.,NARANJA
INCREMENTO DE TEMPERATURA DIURNA EN LA SELVA,147,2025-05-04,2025-05-06,2025-05-08,61 Hrs.,NARANJA
LLUVIA EN LA SELVA,144,2025-05-01,2025-05-03,2025-05-04,35 Hrs.,NARANJA
PRECIPITACIONES EN LA SIERRA,142,2025-04-30,2025-05-02,2025-05-04,71 Hrs.,AMARILLO
PRECIPITACIONES EN LA SIERRA,140,2025-04-27,2025-04-29,2025-05-01,71 Hrs.,NARANJA
LLUVIA EN LA SELVA - OCTAVO FRIAJE,138,2025-04-25,2025-04-27,2025-04-29,59 Hrs.,NARANJA
PRECIPITACIONES EN LA SIERRA NORTE Y CENTRO (EXTENSIÓN DEL AVISO 133),137,2025-04-25,2025-04-27,2025-04-28,47 Hrs.,AMARILLO
PRECIPITACIONES EN LA SIERRA NORTE Y CENTRO,133,2025-04-23,2025-04-25,2025-04-26,47 Hrs.,NARANJA
INCREMENTO DE VIENTO EN LA SIERRA NORTE Y CENTRO,125,2025-04-15,2025-04-17,2025-04-19,59 Hrs.,AMARILLO
PRECIPITACIONES EN LA COSTA NORTE Y SIERRA,116,2025-04-10,2025-04-11,2025-04-13,71 Hrs.,AMARILLO
LLUVIA EN LA SELVA,114,2025-04-09,2025-04-11,2025-04-12,47 Hrs.,AMARILLO
LLUVIA EN LA SELVA - SEXTO FRIAJE,104,2025-04-02,2025-04-04,2025-04-06,57 Hrs.,NARANJA
PRECIPITACIONES EN LA COSTA NORTE Y SIERRA (EXTENSIÓN DEL AVISO 102),103,2025-04-01,2025-04-03,2025-04-04,47 Hrs.,NARANJA
PRECIPITACIONES EN LA COSTA NORTE Y SIERRA,102,2025-03-31,2025-04-01,2025-04-02,47 Hrs.,NARANJA
LLUVIA EN LA SELVA,095,2025-03-26,2025-03-28,2025-03-30,71 Hrs.,NARANJA
PRECIPITACIONES EN LA COSTA NORTE Y SIERRA,094,2025-03-24,2025-03-26,2025-03-28,71 Hrs.,NARANJA
INCREMENTO DE VIENTO EN LA SIERRA NORTE Y CENTRO,088,2025-03-20,2025-03-22,2025-03-23,47 Hrs.,AMARILLO
LLUVIA EN LA SELVA - TERCER FRIAJE,083,2025-03-16,2025-03-19,2025-03-20,47 Hrs.,NARANJA
PRECIPITACIONES EN LA COSTA NORTE Y SIERRA (EXTENSIÓN DEL AVISO 076),082,2025-03-15,2025-03-17,2025-03-18,47 Hrs.,NARANJA
LLUVIA EN LA SELVA NORTE Y CENTRO,079,2025-03-13,2025-03-15,2025-03-15,23 Hrs.,NARANJA
PRECIPITACIONES EN LA COSTA NORTE Y SIERRA,076,2025-03-12,2025-03-14,2025-03-16,71 Hrs.,NARANJA
LLUVIA EN LA SELVA,073,2025-03-10,2025-03-13,2025-03-14,47 Hrs.,NARANJA
LLUVIA EN LA SELVA (EXTENSIÓN DEL AVISO 065),068,2025-03-06,2025-03-08,2025-03-09,47 Hrs.,NARANJA
LLUVIA EN LA SELVA,065,2025-03-03,2025-03-05,2025-03-07,71 Hrs.,ROJO
PRECIPITACIONES EN LA COSTA NORTE Y SIERRA (EXTENSIÓN DEL AVISO 061),064,2025-03-02,2025-03-03,2025-03-05,71 Hrs.,NARANJA
LLUVIA EN LA SELVA (EXTENSIÓN DEL AVISO 060),062,2025-02-27,2025-03-02,2025-03-03,47 Hrs.,NARANJA
PRECIPITACIONES EN LA COSTA NORTE Y SIERRA,061,2025-02-26,2025-02-28,2025-03-02,71 Hrs.,NARANJA
LLUVIA EN LA SELVA,060,2025-02-25,2025-02-27,2025-03-01,71 Hrs.,NARANJA
LLUVIA EN LA SELVA,056,2025-02-19,2025-02-21,2025-02-23,71 Hrs.,AMARILLO
PRECIPITACIONES EN LA COSTA NORTE Y SIERRA (EXTENSIÓN DEL AVISO 053),055,2025-02-17,2025-02-19,2025-02-21,71 Hrs.,NARANJA
LLUVIA EN LA SELVA (EXTENSIÓN DEL AVISO 052),054,2025-02-16,2025-02-18,2025-02-19,47 Hrs.,NARANJA
PRECIPITACIONES EN LA COSTA NORTE Y SIERRA,053,2025-02-14,2025-02-16,2025-02-18,71 Hrs.,NARANJA
LLUVIA EN LA SELVA,052,2025-02-13,2025-02-15,2025-02-17,71 Hrs.,NARANJA
LLUVIA EN LA SELVA (EXTENSIÓN DEL AVISO 048),050,2025-02-10,2025-02-11,2025-02-13,71 Hrs.,NARANJA
PRECIPITACIONES EN LA SIERRA (EXTENSIÓN DEL AVISO 047),049,2025-02-09,2025-02-11,2025-02-13,71 Hrs.,NARANJA
LLUVIA EN LA SELVA,048,2025-02-07,2025-02-08,2025-02-10,57 Hrs.,NARANJA
LLUVIA EN LA SELVA,045,2025-02-03,2025-02-05,2025-02-06,47 Hrs.,NARANJA
PRECIPITACIONES EN LA SIERRA (EXTENSIÓN DEL AVISO 041),044,2025-02-03,2025-02-05,2025-02-07,71 Hrs.,NARANJA
LLUVIA EN LA SELVA,042,2025-02-01,2025-02-03,2025-02-04,47 Hrs.,NARANJA
PRECIPITACIONES EN LA SIERRA,041,2025-01-31,2025-02-02,2025-02-04,71 Hrs.,NARANJA
INCREMENTO DE VIENTO EN LA SIERRA NORTE,037,2025-01-29,2025-01-31,2025-01-31,23 Hrs.,AMARILLO
INCREMENTO DE TEMPERATURA DIURNA EN LA SIERRA NORTE Y CENTRO,036,2025-01-28,2025-01-30,2025-01-31,37 Hrs.,AMARILLO
INCREMENTO DE VIENTO EN LA SIERRA,034,2025-01-26,2025-01-28,2025-01-30,61 Hrs.,AMARILLO
INCREMENTO DE TEMPERATURA DIURNA EN LA SELVA NORTE Y CENTRO,023,2025-01-18,2025-01-20,2025-01-21,47 Hrs.,NARANJA
INCREMENTO DE VIENTO EN LA SELVA,022,2025-01-17,2025-01-19,2025-01-21,71 Hrs.,NARANJA
DESCENSO DE TEMPERATURA NOCTURNA EN LA SIERRA NORTE Y CENTRO,021,2025-01-17,2025-01-18,2025-01-19,47 Hrs.,AMARILLO
INCREMENTO DE TEMPERATURA DIURNA EN LA SELVA,018,2025-01-16,2025-01-17,2025-01-19,59 Hrs.,NARANJA
DESCENSO DE TEMPERATURA NOCTURNA EN LA SIERRA,015,2025-01-13,2025-01-15,2025-01-17,71 Hrs.,NARANJA
INCREMENTO DE TEMPERATURA DIURNA EN LA SIERRA (EXTENSIÓN DEL AVISO 009),014,2025-01-13,2025-01-15,2025-01-16,47 Hrs.,NARANJA
INCREMENTO DE TEMPERATURA DIURNA EN LA SELVA NORTE Y CENTRO,013,2025-01-12,2025-01-14,2025-01-16,61 Hrs.,NARANJA
INCREMENTO DE TEMPERATURA DIURNA EN LA SIERRA,009,2025-01-10,2025-01-12,2025-01-14,61 Hrs.,NARANJA
LLUVIA EN LA SELVA,008,2025-01-08,2025-01-09,2025-01-11,71 Hrs.,AMARILLO
PRECIPITACIONES EN LA SIERRA,003,2025-01-04,2025-01-06,2025-01-08,71 Hrs.,NARANJA
PRECIPITACIONES EN LA SIERRA,399,2024-12-30,2025-01-01,2025-01-03,71 Hrs.,NARANJA
LLUVIA EN LA SELVA,398,2024-12-29,2024-12-31,2025-01-02,57 Hrs.,NARANJA
PRECIPITACIONES EN LA SIERRA,397,2024-12-28,2024-12-29,2024-12-31,71 Hrs.,NARANJA
PRECIPITACIONES EN LA SIERRA,392,2024-12-24,2024-12-25,2024-12-26,35 Hrs.,NARANJA
LLUVIA EN LA SELVA - VIGÉSIMO SEGUNDO FRIAJE,390,2024-12-23,2024-12-25,2024-12-27,57 Hrs.,NARANJA
LLUVIA EN LA SELVA,388,2024-12-20,2024-12-22,2024-12-24,57 Hrs.,NARANJA
PRECIPITACIONES EN LA SIERRA,387,2024-12-20,2024-12-22,2024-12-24,59 Hrs.,AMARILLO
INCREMENTO DE VIENTO EN LA SIERRA (EXTENSIÓN DEL AVISO 379),382,2024-12-15,2024-12-17,2024-12-17,23 Hrs.,AMARILLO
LLUVIA EN LA SELVA (EXTENSIÓN DEL AVISO 377),381,2024-12-15,2024-12-17,2024-12-17,23 Hrs.,NARANJA
INCREMENTO DE VIENTO EN LA SIERRA,379,2024-12-14,2024-12-15,2024-12-16,37 Hrs.,AMARILLO
INCREMENTO DE TEMPERATURA DIURNA EN LA SIERRA,378,2024-12-13,2024-12-15,2024-12-16,37 Hrs.,AMARILLO
LLUVIA EN LA SELVA,377,2024-12-12,2024-12-14,2024-12-16,71 Hrs.,NARANJA
PRECIPITACIONES EN LA SIERRA (EXTENSIÓN DEL AVISO 375),376,2024-12-11,2024-12-13,2024-12-15,71 Hrs.,NARANJA
PRECIPITACIONES EN LA SIERRA,375,2024-12-09,2024-12-11,2024-12-12,47 Hrs.,NARANJA
PRECIPITACIONES EN LA SIERRA (ACTUALIZACIÓN DEL AVISO 373),374,2024-12-07,2024-12-08,2024-12-10,71 Hrs.,ROJO
PRECIPITACIONES EN LA SIERRA,373,2024-12-06,2024-12-08,2024-12-10,71 Hrs.,NARANJA
INCREMENTO DE VIENTO EN LA SIERRA NORTE,372,2024-12-06,2024-12-08,2024-12-10,61 Hrs.,NARANJA
PRECIPITACIONES EN LA SIERRA (EXTENSIÓN DEL AVISO 365),368,2024-12-03,2024-12-05,2024-12-05,23 Hrs.,AMARILLO
INCREMENTO DE TEMPERATURA DIURNA EN LA SELVA NORTE Y CENTRO,366,2024-12-01,2024-12-03,2024-12-03,13 Hrs.,NARANJA
INCREMENTO DE TEMPERATURA DIURNA EN LA SIERRA,364,2024-11-29,2024-12-01,2024-12-02,37 Hrs.,NARANJA
INCREMENTO DE TEMPERATURA DIURNA EN LA SELVA,363,2024-11-28,2024-11-30,2024-12-02,61 Hrs.,ROJO
INCREMENTO DE VIENTO EN LA SIERRA,360,2024-11-27,2024-11-29,2024-11-30,47 Hrs.,NARANJA
PRECIPITACIONES EN LA SIERRA,359,2024-11-25,2024-11-27,2024-11-29,71 Hrs.,NARANJA
INCREMENTO DE TEMPERATURA DIURNA EN LA SELVA,358,2024-11-23,2024-11-25,2024-11-27,61 Hrs.,NARANJA
PRECIPITACIONES EN LA SIERRA (EXTENSIÓN DEL AVISO 353),357,2024-11-22,2024-11-24,2024-11-26,71 Hrs.,NARANJA
LLUVIA EN LA SELVA (EXTENSIÓN DEL AVISO 354),356,2024-11-21,2024-11-23,2024-11-24,47 Hrs.,AMARILLO
LLUVIA EN LA SELVA,354,2024-11-19,2024-11-21,2024-11-22,47 Hrs.,NARANJA
PRECIPITACIONES EN LA SIERRA,353,2024-11-19,2024-11-21,2024-11-23,71 Hrs.,NARANJA
INCREMENTO DE TEMPERATURA DIURNA EN LA SIERRA (EXTENSIÓN DEL AVISO 350),352,2024-11-18,2024-11-20,2024-11-20,23 Hrs.,NARANJA
LLUVIA EN LA SELVA,351,2024-11-16,2024-11-18,2024-11-19,47 Hrs.,NARANJA
INCREMENTO DE TEMPERATURA DIURNA EN LA SIERRA,350,2024-11-15,2024-11-17,2024-11-19,63 Hrs.,ROJO
DESCENSO DE TEMPERATURA NOCTURNA EN LA SIERRA NORTE Y CENTRO,349,2024-11-15,2024-11-17,2024-11-19,71 Hrs.,NARANJA
INCREMENTO DE TEMPERATURA DIURNA EN LA SIERRA NORTE,346,2024-11-12,2024-11-14,2024-11-16,61 Hrs.,NARANJA
DESCENSO DE TEMPERATURA NOCTURNA EN LA SIERRA NORTE,345,2024-11-12,2024-11-14,2024-11-16,71 Hrs.,NARANJA
DESCENSO DE TEMPERATURA NOCTURNA EN LA SIERRA NORTE,341,2024-11-10,2024-11-11,2024-11-13,71 Hrs.,AMARILLO
LLUVIA EN LA SELVA,340,2024-11-10,2024-11-12,2024-11-14,59 Hrs.,NARANJA
INCREMENTO DE TEMPERATURA EN LA SIERRA NORTE Y CENTRO,338,2024-11-09,2024-11-11,2024-11-13,61 Hrs.,NARANJA
LLUVIA EN LA SELVA,333,2024-11-04,2024-11-07,2024-11-09,59 Hrs.,NARANJA
PRECIPITACIONES EN LA SIERRA (EXTENSIÓN DEL AVISO 331),332,2024-11-04,2024-11-06,2024-11-06,23 Hrs.,NARANJA
INCREMENTO DE TEMPERATURA DIURNA EN LA SIERRA,326,2024-10-29,2024-10-31,2024-11-02,61 Hrs.,NARANJA
INCREMENTO DE VIENTO EN LA SIERRA,325,2024-10-28,2024-10-30,2024-11-01,59 Hrs.,AMARILLO
INCREMENTO DE TEMPERATURA DIURNA EN LA SELVA,324,2024-10-28,2024-10-30,2024-11-01,61 Hrs.,ROJO
INCREMENTO DE VIENTO EN LA SIERRA NORTE,322,2024-10-25,2024-10-27,2024-10-29,59 Hrs.,AMARILLO
PRECIPITACIONES EN LA SIERRA,321,2024-10-25,2024-10-26,2024-10-28,71 Hrs.,AMARILLO
LLUVIA EN LA SELVA - DÉCIMO NOVENO FRIAJE,320,2024-10-24,2024-10-26,2024-10-28,53 Hrs.,NARANJA
INCREMENTO DE TEMPERATURA DIURNA EN LA SIERRA (EXTENSIÓN DEL AVISO 315),319,2024-10-24,2024-10-26,2024-10-27,47 Hrs.,NARANJA
INCREMENTO DE TEMPERATURA DIURNA EN LA SELVA NORTE Y CENTRO,318,2024-10-23,2024-10-25,2024-10-26,37 Hrs.,NARANJA
INCREMENTO DE TEMPERATURA DIURNA EN LA SIERRA,315,2024-10-21,2024-10-23,2024-10-25,61 Hrs.,NARANJA
LLUVIA EN LA SELVA,312,2024-10-20,2024-10-22,2024-10-23,47 Hrs.,NARANJA
INCREMENTO DE TEMPERATURA DIURNA EN LA SIERRA,311,2024-10-19,2024-10-20,2024-10-22,61 Hrs.,NARANJA
INCREMENTO DE TEMPERATURA DIURNA EN LA SELVA NORTE Y CENTRO (EXTENSIÓN DEL AVISO 302),308,2024-10-17,2024-10-19,2024-10-19,23 Hrs.,NARANJA
INCREMENTO DE TEMPERATURA DIURNA EN LA SIERRA NORTE Y CENTRO (EXTENSIÓN DEL AVISO 303),307,2024-10-16,2024-10-18,2024-10-19,47 Hrs.,NARANJA
INCREMENTO DE TEMPERATURA DIURNA EN LA SIERRA NORTE Y CENTRO,303,2024-10-14,2024-10-16,2024-10-17,37 Hrs.,NARANJA
INCREMENTO DE TEMPERATURA DIURNA EN LA SELVA NORTE Y CENTRO,302,2024-10-14,2024-10-16,2024-10-18,61 Hrs.,NARANJA
INCREMENTO DE VIENTO EN LA SIERRA NORTE Y CENTRO,300,2024-10-11,2024-10-13,2024-10-15,59 Hrs.,AMARILLO
LLUVIA EN LA SELVA (EXTENSIÓN DEL AVISO 296),299,2024-10-10,2024-10-12,2024-10-13,47 Hrs.,NARANJA
PRECIPITACIONES EN LA SIERRA (EXTENSIÓN DEL AVISO 295),298,2024-10-10,2024-10-12,2024-10-13,47 Hrs.,NARANJA
LLUVIA EN LA SELVA,296,2024-10-09,2024-10-10,2024-10-11,47 Hrs.,NARANJA
PRECIPITACIONES EN LA SIERRA,295,2024-10-08,2024-10-10,2024-10-11,47 Hrs.,NARANJA
INCREMENTO DE VIENTO EN LA SIERRA,291,2024-10-04,2024-10-05,2024-10-07,59 Hrs.,NARANJA
PRECIPITACIONES EN LA SIERRA (ACTUALIZACIÓN DEL AVISO 287),289,2024-10-04,2024-10-05,2024-10-07,71 Hrs.,NARANJA
PRECIPITACIONES EN LA SIERRA,287,2024-10-03,2024-10-05,2024-10-07,71 Hrs.,NARANJA
LLUVIA EN LA SELVA,286,2024-10-02,2024-10-04,2024-10-05,47 Hrs.,AMARILLO
INCREMENTO DE TEMPERATURA DIURNA EN LA SELVA,285,2024-09-30,2024-10-01,2024-10-03,61 Hrs.,NARANJA
PRECIPITACIONES EN LA SIERRA (EXTENSIÓN DEL AVISO 281),282,2024-09-30,2024-10-02,2024-10-04,71 Hrs.,NARANJA
INCREMENTO DE VIENTO EN LA SIERRA NORTE Y CENTRO,280,2024-09-27,2024-09-29,2024-09-30,37 Hrs.,AMARILLO
PRECIPITACIONES EN LA SIERRA (EXTENSIÓN DEL AVISO 277),279,2024-09-27,2024-09-29,2024-09-29,23 Hrs.,AMARILLO
PRECIPITACIONES EN LA SIERRA,277,2024-09-25,2024-09-27,2024-09-28,47 Hrs.,NARANJA
LLUVIA EN LA SELVA - DÉCIMO SEXTO FRIAJE,276,2024-09-25,2024-09-27,2024-09-28,47 Hrs.,NARANJA
INCREMENTO DE TEMPERATURA DIURNA EN LA SELVA (EXTENSIÓN DEL AVISO 271),275,2024-09-24,2024-09-26,2024-09-26,23 Hrs.,NARANJA
INCREMENTO DE TEMPERATURA DIURNA EN LA SIERRA (EXTENSIÓN DEL AVISO 270),274,2024-09-24,2024-09-26,2024-09-27,47 Hrs.,NARANJA
INCREMENTO DE VIENTO EN LA SIERRA NORTE,272,2024-09-21,2024-09-23,2024-09-24,35 Hrs.,AMARILLO
INCREMENTO DE TEMPERATURA DIURNA EN LA SELVA,271,2024-09-21,2024-09-23,2024-09-25,61 Hrs.,NARANJA
INCREMENTO DE TEMPERATURA DIURNA EN LA SIERRA,270,2024-09-21,2024-09-23,2024-09-25,61 Hrs.,NARANJA
INCREMENTO DE VIENTO EN LA SIERRA NORTE Y CENTRO,268,2024-09-18,2024-09-20,2024-09-22,61 Hrs.,AMARILLO
INCREMENTO DE TEMPERATURA DIURNA EN LA SELVA,267,2024-09-17,2024-09-19,2024-09-21,61 Hrs.,NARANJA
INCREMENTO DE TEMPERATURA DIURNA EN LA SIERRA (EXTENSIÓN DEL AVISO 264),266,2024-09-17,2024-09-19,2024-09-21,71 Hrs.,NARANJA
INCREMENTO DE VIENTO EN LA SIERRA NORTE,265,2024-09-16,2024-09-18,2024-09-19,37 Hrs.,AMARILLO
INCREMENTO DE TEMPERATURA DIURNA EN LA SIERRA,264,2024-09-14,2024-09-16,2024-09-18,71 Hrs.,NARANJA
LLUVIA EN LA SELVA NORTE Y CENTRO,262,2024-09-13,2024-09-15,2024-09-16,47 Hrs.,AMARILLO
INCREMENTO DE VIENTO EN LA SIERRA,261,2024-09-13,2024-09-15,2024-09-17,61 Hrs.,NARANJA
INCREMENTO DE TEMPERATURA DIURNA EN LA SIERRA (EXTENSIÓN DEL AVISO 255),260,2024-09-11,2024-09-13,2024-09-15,71 Hrs.,ROJO
INCREMENTO DE TEMPERATURA DIURNA EN LA SELVA (EXTENSIÓN DEL AVISO 254),259,2024-09-11,2024-09-13,2024-09-14,47 Hrs.,NARANJA
DESCENSO DE TEMPERATURA NOCTURNA EN LA SIERRA,257,2024-09-11,2024-09-12,2024-09-14,71 Hrs.,NARANJA
INCREMENTO DE VIENTO EN LA SIERRA NORTE,256,2024-09-10,2024-09-12,2024-09-14,61 Hrs.,AMARILLO
INCREMENTO DE TEMPERATURA DIURNA EN LA SIERRA,255,2024-09-09,2024-09-10,2024-09-12,61 Hrs.,NARANJA
INCREMENTO DE TEMPERATURA DIURNA EN LA SELVA,254,2024-09-09,2024-09-10,2024-09-12,61 Hrs.,NARANJA
DESCENSO DE TEMPERATURA NOCTURNA EN LA SIERRA NORTE Y CENTRO,253,2024-09-08,2024-09-10,2024-09-11,47 Hrs.,AMARILLO
INCREMENTO DE VIENTO EN LA SIERRA NORTE Y CENTRO (EXTENSIÓN DEL AVISO 248),252,2024-09-08,2024-09-10,2024-09-10,23 Hrs.,AMARILLO
INCREMENTO DE TEMPERATURA DIURNA EN LA SELVA,251,2024-09-06,2024-09-07,2024-09-09,61 Hrs.,NARANJA
INCREMENTO DE TEMPERATURA DIURNA EN LA SIERRA (ACTUALIZACIÓN DEL AVISO 249),250,2024-09-06,2024-09-07,2024-09-09,61 Hrs.,NARANJA
INCREMENTO DE TEMPERATURA DIURNA EN LA SIERRA NORTE Y CENTRO,249,2024-09-05,2024-09-07,2024-09-09,59 Hrs.,NARANJA
INCREMENTO DE VIENTO EN LA SIERRA NORTE Y CENTRO,248,2024-09-05,2024-09-07,2024-09-09,61 Hrs.,NARANJA
DESCENSO DE TEMPERATURA NOCTURNA EN LA SIERRA NORTE Y CENTRO,247,2024-09-05,2024-09-07,2024-09-08,47 Hrs.,NARANJA
INCREMENTO DE TEMPERATURA DIURNA EN LA SELVA NORTE Y CENTRO,246,2024-09-03,2024-09-05,2024-09-05,23 Hrs.,NARANJA
INCREMENTO DE TEMPERATURA DIURNA EN LA SIERRA (EXTENSIÓN DEL AVISO 242),245,2024-09-03,2024-09-05,2024-09-06,47 Hrs.,NARANJA
DESCENSO DE TEMPERATURA NOCTURNA EN LA SIERRA NORTE Y SUR,244,2024-09-03,2024-09-04,2024-09-06,71 Hrs.,NARANJA
INCREMENTO DE VIENTO EN LA SIERRA NORTE,243,2024-09-02,2024-09-04,2024-09-06,59 Hrs.,NARANJA
INCREMENTO DE TEMPERATURA DIURNA EN LA SIERRA,242,2024-09-01,2024-09-03,2024-09-04,37 Hrs.,NARANJA
INCREMENTO DE TEMPERATURA DIURNA EN LA SELVA,241,2024-09-01,2024-09-03,2024-09-04,37 Hrs.,NARANJA
INCREMENTO DE VIENTO EN LA SIERRA NORTE Y SUR,237,2024-08-29,2024-08-30,2024-09-01,59 Hrs.,NARANJA
INCREMENTO DE TEMPERATURA DIURNA EN LA SELVA (EXTENSIÓN DEL AVISO 231),236,2024-08-29,2024-08-31,2024-09-01,47 Hrs.,NARANJA
DESCENSO DE TEMPERATURA EN LA SIERRA NORTE Y CENTRO,235,2024-08-28,2024-08-29,2024-08-31,71 Hrs.,AMARILLO
INCREMENTO DE TEMPERATURA DIURNA EN LA SIERRA (EXTENSIÓN DEL AVISO 230),234,2024-08-28,2024-08-30,2024-09-01,71 Hrs.,ROJO
INCREMENTO DE VIENTO EN LA SIERRA,232,2024-08-27,2024-08-28,2024-08-29,35 Hrs.,NARANJA
INCREMENTO DE TEMPERATURA DIURNA EN LA SELVA,231,2024-08-26,2024-08-28,2024-08-30,61 Hrs.,ROJO
INCREMENTO DE TEMPERATURA DIURNA EN LA SIERRA,230,2024-08-26,2024-08-27,2024-08-29,61 Hrs.,NARANJA
LLUVIA EN LA SELVA - DÉCIMO SEGUNDO FRIAJE,227,2024-08-23,2024-08-25,2024-08-26,47 Hrs.,NARANJA
DESCENSO DE TEMPERATURA DIURNA EN LA SELVA - DÉCIMO SEGUNDO FRIAJE,225,2024-08-22,2024-08-25,2024-08-26,47 Hrs.,NARANJA
INCREMENTO DE VIENTO EN LA SIERRA NORTE Y CENTRO,224,2024-08-22,2024-08-25,2024-08-27,61 Hrs.,AMARILLO
INCREMENTO DE TEMPERATURA DIURNA EN LA SIERRA,223,2024-08-21,2024-08-23,2024-08-24,47 Hrs.,NARANJA
INCREMENTO DE TEMPERATURA DIURNA EN LA SELVA (EXTENSIÓN DEL AVISO 215),222,2024-08-21,2024-08-23,2024-08-24,40 Hrs.,NARANJA
INCREMENTO DE TEMPERATURA DIURNA EN LA SIERRA NORTE Y CENTRO (ACTUALIZACIÓN DEL AVISO 216),219,2024-08-19,2024-08-21,2024-08-22,47 Hrs.,NARANJA
INCREMENTO DE VIENTO EN LA SIERRA NORTE,217,2024-08-18,2024-08-20,2024-08-22,71 Hrs.,NARANJA
INCREMENTO DE TEMPERATURA DIURNA EN LA SIERRA NORTE,216,2024-08-18,2024-08-20,2024-08-22,71 Hrs.,NARANJA
INCREMENTO DE TEMPERATURA DIURNA EN LA SELVA,215,2024-08-18,2024-08-20,2024-08-22,71 Hrs.,NARANJA
INCREMENTO DE VIENTO EN LA SIERRA NORTE Y CENTRO,213,2024-08-15,2024-08-18,2024-08-19,47 Hrs.,AMARILLO
DESCENSO DE TEMPERATURA NOCTURNA EN LA SIERRA (EXTENSIÓN DEL AVISO 209),212,2024-08-15,2024-08-17,2024-08-17,23 Hrs.,NARANJA
INCREMENTO DE TEMPERATURA DIURNA EN LA SELVA,211,2024-08-14,2024-08-16,2024-08-18,71 Hrs.,NARANJA
INCREMENTO DE VIENTO EN LA SIERRA,210,2024-08-13,2024-08-15,2024-08-17,63 Hrs.,NARANJA
DESCENSO DE TEMPERATURA NOCTURNA EN LA SIERRA,209,2024-08-13,2024-08-15,2024-08-16,47 Hrs.,AMARILLO
LLUVIA EN LA SELVA - DÉCIMO FRIAJE,197,2024-08-06,2024-08-09,2024-08-10,47 Hrs.,NARANJA
INCREMENTO DE TEMPERATURA DIURNA EN LA SIERRA NORTE Y CENTRO (EXTENSIÓN DEL AVISO 190),192,2024-08-02,2024-08-03,2024-08-03,23 Hrs.,AMARILLO
INCREMENTO DE TEMPERATURA DIURNA EN LA SIERRA NORTE Y CENTRO,190,2024-07-31,2024-08-01,2024-08-02,39 Hrs.,NARANJA
INCREMENTO DE TEMPERATURA DIURNA EN LA SELVA,189,2024-07-30,2024-08-01,2024-08-03,63 Hrs.,NARANJA
INCREMENTO DE VIENTO EN LA SIERRA NORTE,188,2024-07-30,2024-07-31,2024-08-01,47 Hrs.,NARANJA
INCREMENTO DE TEMPERATURA DIURNA EN LA SIERRA (EXTENSIÓN DEL AVISO 183),187,2024-07-27,2024-07-29,2024-07-31,63 Hrs.,NARANJA
INCREMENTO DE TEMPERATURA DIURNA EN LA SELVA (EXTENSIÓN DEL AVISO 184),186,2024-07-27,2024-07-29,2024-07-31,71 Hrs.,NARANJA
INCREMENTO DE VIENTO EN LA SIERRA,185,2024-07-26,2024-07-28,2024-07-30,71 Hrs.,NARANJA
INCREMENTO DE TEMPERATURA DIURNA EN LA SELVA,184,2024-07-24,2024-07-26,2024-07-28,59 Hrs.,NARANJA
INCREMENTO DE TEMPERATURA DIURNA EN LA SIERRA,183,2024-07-24,2024-07-26,2024-07-28,59 Hrs.,NARANJA
INCREMENTO DE TEMPERATURA DIURNA EN LA SELVA,179,2024-07-19,2024-07-21,2024-07-23,61 Hrs.,NARANJA
INCREMENTO DE VIENTO EN LA SIERRA,176,2024-07-16,2024-07-19,2024-07-21,71 Hrs.,NARANJA
DESCENSO DE TEMPERATURA NOCTURNA EN LA SIERRA,175,2024-07-16,2024-07-18,2024-07-19,47 Hrs.,NARANJA
DESCENSO DE TEMPERATURA NOCTURNA EN LA SIERRA,173,2024-07-14,2024-07-16,2024-07-17,47 Hrs.,NARANJA
DESCENSO DE TEMPERATURA DIURNA EN LA SELVA - OCTAVO FRIAJE,165,2024-07-10,2024-07-12,2024-07-14,71 Hrs.,ROJO
LLUVIA EN LA SELVA - OCTAVO FRIAJE,163,2024-07-10,2024-07-12,2024-07-13,47 Hrs.,NARANJA
LLUVIA EN LA SELVA,151,2024-06-28,2024-06-29,2024-07-01,59 Hrs.,AMARILLO
INCREMENTO DE TEMPERATURA DIURNA EN LA SELVA,145,2024-06-21,2024-06-23,2024-06-25,61 Hrs.,NARANJA
DESCENSO DE TEMPERATURA NOCTURNA EN LA SIERRA,135,2024-05-29,2024-05-31,2024-06-02,71 Hrs.,NARANJA
DESCENSO DE TEMPERATURA DIURNA EN LA SELVA (EXTENSIÓN DEL AVISO 128),132,2024-05-26,2024-05-28,2024-05-29,47 Hrs.,AMARILLO
QUINTO FRIAJE EN LA SELVA (EXTENSIÓN DEL AVISO 127),131,2024-05-26,2024-05-28,2024-05-30,71 Hrs.,ROJO
LLUVIA EN LA SELVA,126,2024-05-22,2024-05-24,2024-05-26,53 Hrs.,AMARILLO
LLUVIA EN LA SELVA,122,2024-05-16,2024-05-19,2024-05-20,47 Hrs.,AMARILLO
LLUVIA EN LA SELVA,118,2024-05-11,2024-05-14,2024-05-16,71 Hrs.,AMARILLO
PRECIPITACIONES EN LA SIERRA NORTE,113,2024-05-06,2024-05-07,2024-05-08,47 Hrs.,AMARILLO
LLUVIA EN LA SELVA,109,2024-05-02,2024-05-04,2024-05-05,47 Hrs.,NARANJA
PRECIPITACIONES EN LA SIERRA,107,2024-05-01,2024-05-03,2024-05-04,35 Hrs.,AMARILLO
PRECIPITACIONES EN LA SIERRA NORTE,101,2024-04-20,2024-04-22,2024-04-23,47 Hrs.,AMARILLO
PRECIPITACIONES EN LA SIERRA NORTE Y CENTRO (EXTENSIÓN DEL AVISO 097),100,2024-04-18,2024-04-20,2024-04-20,23 Hrs.,AMARILLO
LLUVIA EN LA SELVA NORTE Y CENTRO,099,2024-04-17,2024-04-19,2024-04-20,47 Hrs.,NARANJA
PRECIPITACIONES EN LA SIERRA NORTE Y CENTRO,097,2024-04-14,2024-04-17,2024-04-19,71 Hrs.,NARANJA
LLUVIA EN LA SELVA,095,2024-04-13,2024-04-16,2024-04-18,71 Hrs.,NARANJA
LLUVIA EN LA SELVA,089,2024-04-09,2024-04-11,2024-04-13,71 Hrs.,NARANJA
PRECIPITACIONES EN LA SIERRA (EXTENSIÓN DEL AVISO 082),084,2024-04-02,2024-04-04,2024-04-05,47 Hrs.,NARANJA
INCREMENTO DE LA TEMPERATURA DIURNA EN LA SELVA,083,2024-04-01,2024-04-03,2024-04-05,71 Hrs.,NARANJA
PRECIPITACIONES EN LA SIERRA,082,2024-03-30,2024-04-01,2024-04-03,57 Hrs.,NARANJA
DESCENSO DE TEMPERATURA NOCTURNA EN LA SIERRA NORTE Y CENTRO,079,2024-03-25,2024-03-26,2024-03-28,71 Hrs.,AMARILLO
PRECIPITACIONES EN LA SIERRA,076,2024-03-21,2024-03-22,2024-03-24,71 Hrs.,NARANJA
LLUVIA EN LA SELVA,075,2024-03-20,2024-03-22,2024-03-24,71 Hrs.,NARANJA
PRECIPITACIONES EN LA SIERRA Y COSTA NORTE,073,2024-03-18,2024-03-19,2024-03-21,71 Hrs.,NARANJA
PRECIPITACIONES EN LA COSTA NORTE Y SIERRA (AVISO CANCELADO),071,2024-03-17,2024-03-19,2024-03-21,71 Hrs.,NARANJA
LLUVIA EN LA SELVA,070,2024-03-15,2024-03-17,2024-03-18,47 Hrs.,AMARILLO
LLUVIA EN LA SELVA NORTE,065,2024-03-08,2024-03-10,2024-03-10,23 Hrs.,NARANJA
LLUVIA EN LA SELVA,060,2024-03-04,2024-03-06,2024-03-08,71 Hrs.,NARANJA
PRECIPITACIONES EN LA SIERRA,059,2024-03-02,2024-03-04,2024-03-06,71 Hrs.,NARANJA
LLUVIA EN LA SELVA,057,2024-02-26,2024-02-28,2024-03-01,71 Hrs.,NARANJA
PRECIPITACIONES EN LA SIERRA Y COSTA,056,2024-02-26,2024-02-27,2024-02-29,71 Hrs.,NARANJA
INCREMENTO DE TEMPERATURA DIURNA EN LA SELVA NORTE (EXTENSIÓN DEL AVISO 048),051,2024-02-21,2024-02-24,2024-02-24,23 Hrs.,AMARILLO
INCREMENTO DE TEMPERATURA DIURNA EN LA SELVA NORTE,048,2024-02-20,2024-02-22,2024-02-23,47 Hrs.,NARANJA
INCREMENTO DE TEMPERATURA DIURNA EN LA SELVA NORTE Y CENTRO,045,2024-02-17,2024-02-19,2024-02-21,61 Hrs.,NARANJA
PRECIPITACIONES EN LA COSTA NORTE Y SIERRA NORTE,043,2024-02-16,2024-02-18,2024-02-20,71 Hrs.,ROJO
LLUVIA EN LA SELVA (EXTENSIÓN DEL AVISO 037),038,2024-02-11,2024-02-14,2024-02-15,47 Hrs.,ROJO
LLUVIA EN LA SELVA,037,2024-02-09,2024-02-11,2024-02-13,71 Hrs.,ROJO
PRECIPITACIONES EN LA COSTA NORTE Y SIERRA NORTE,033,2024-02-06,2024-02-08,2024-02-10,71 Hrs.,NARANJA
PRECIPITACIONES EN LA COSTA NORTE Y SIERRA (ACTUALIZACIÓN DEL AVISO 028),030,2024-02-03,2024-02-04,2024-02-05,47 Hrs.,NARANJA
LLUVIA EN LA SELVA,029,2024-02-02,2024-02-04,2024-02-06,71 Hrs.,NARANJA
PRECIPITACIONES EN LA COSTA NORTE Y SIERRA (EXTENSIÓN DEL AVISO 027),028,2024-02-01,2024-02-03,2024-02-05,71 Hrs.,NARANJA
PRECIPITACIONES EN LA COSTA NORTE Y SIERRA,027,2024-01-29,2024-01-31,2024-02-02,71 Hrs.,NARANJA
LLUVIA EN LA SELVA,026,2024-01-29,2024-01-31,2024-02-02,71 Hrs.,NARANJA
INCREMENTO DE TEMPERATURA DIURNA EN LA SELVA NORTE Y CENTRO,020,2024-01-22,2024-01-24,2024-01-27,85 Hrs.,NARANJA
LLUVIA EN LA SELVA,016,2024-01-19,2024-01-20,2024-01-21,47 Hrs.,NARANJA
LLUVIA EN LA SELVA,013,2024-01-15,2024-01-17,2024-01-18,47 Hrs.,NARANJA
PRECIPITACIONES EN LA COSTA NORTE Y SIERRA (EXTENSIÓN DEL AVISO 006),009,2024-01-11,2024-01-13,2024-01-14,47 Hrs.,NARANJA
LLUVIA EN LA SELVA,008,2024-01-10,2024-01-13,2024-01-15,71 Hrs.,NARANJA
PRECIPITACIONES EN LA COSTA NORTE Y SIERRA,006,2024-01-09,2024-01-11,2024-01-12,47 Hrs.,NARANJA
PRECIPITACIONES EN LA COSTA NORTE Y SIERRA (ACTUALIZACIÓN DEL AVISO 003),005,2024-01-08,2024-01-09,2024-01-10,47 Hrs.,NARANJA
LLUVIA EN LA SELVA,004,2024-01-06,2024-01-09,2024-01-10,47 Hrs.,NARANJA
PRECIPITACIONES EN LA COSTA NORTE Y SIERRA,003,2024-01-05,2024-01-07,2024-01-10,95 Hrs.,NARANJA
LLUVIA EN LA SELVA,002,2024-01-02,2024-01-04,2024-01-06,71 Hrs.,NARANJA
PRECIPITACIONES EN LA SIERRA,001,2024-01-02,2024-01-04,2024-01-06,71 Hrs.,NARANJA
LLUVIA EN LA SELVA,298,2023-12-31,2024-01-02,2024-01-03,47 Hrs.,AMARILLO
PRECIPITACIONES EN LA SIERRA,297,2023-12-30,2024-01-01,2024-01-03,71 Hrs.,NARANJA
PRECIPITACIONES EN LA COSTA NORTE Y SIERRA (ACTUALIZACIÓN DEL AVISO 294),295,2023-12-27,2023-12-28,2023-12-29,47 Hrs.,ROJO
PRECIPITACIONES EN LA COSTA NORTE Y SIERRA,294,2023-12-25,2023-12-27,2023-12-29,71 Hrs.,NARANJA
LLUVIA EN LA SELVA (EXTENSIÓN DEL AVISO 291),293,2023-12-25,2023-12-27,2023-12-27,23 Hrs.,NARANJA
PRECIPITACIONES EN LA SIERRA (ACTUALIZACIÓN DEL AVISO 290),292,2023-12-24,2023-12-25,2023-12-26,47 Hrs.,NARANJA
LLUVIA EN LA SELVA,291,2023-12-22,2023-12-25,2023-12-26,47 Hrs.,NARANJA
PRECIPITACIONES EN LA SIERRA,290,2023-12-22,2023-12-24,2023-12-26,71 Hrs.,NARANJA
LLUVIA EN LA SELVA,289,2023-12-20,2023-12-23,2023-12-24,47 Hrs.,NARANJA
LLUVIA EN LA SELVA,286,2023-12-18,2023-12-20,2023-12-22,53 Hrs.,NARANJA
LLUVIA EN LA SELVA (EXTENSIÓN DEL AVISO 281),283,2023-12-16,2023-12-18,2023-12-18,23 Hrs.,AMARILLO
PRECIPITACIONES EN LA SIERRA (EXTENSIÓN DEL AVISO 280),282,2023-12-15,2023-12-18,2023-12-18,23 Hrs.,NARANJA
LLUVIA EN LA SELVA,281,2023-12-13,2023-12-15,2023-12-17,71 Hrs.,NARANJA
PRECIPITACIONES EN LA SIERRA,280,2023-12-13,2023-12-15,2023-12-17,71 Hrs.,NARANJA
INCREMENTO DE VIENTO EN LA SIERRA NORTE,276,2023-12-05,2023-12-08,2023-12-10,59 Hrs.,AMARILLO
LLUVIA EN LA SELVA (EXTENSIÓN DEL AVISO 272),275,2023-12-04,2023-12-06,2023-12-07,47 Hrs.,AMARILLO
PRECIPITACIONES EN LA SIERRA,274,2023-12-03,2023-12-05,2023-12-07,56 Hrs.,NARANJA
LLUVIA EN LA SELVA,272,2023-12-01,2023-12-03,2023-12-05,71 Hrs.,NARANJA
PRECIPITACIONES EN LA SIERRA (EXTENSIÓN DEL AVISO 267),270,2023-11-29,2023-12-02,2023-12-03,47 Hrs.,NARANJA
LLUVIA EN LA SELVA,268,2023-11-28,2023-11-30,2023-12-01,47 Hrs.,NARANJA
PRECIPITACIONES EN LA SIERRA,267,2023-11-27,2023-11-29,2023-12-01,71 Hrs.,NARANJA
LLUVIA EN LA SELVA,264,2023-11-24,2023-11-27,2023-11-28,47 Hrs.,AMARILLO
PRECIPITACIONES EN LA SIERRA,263,2023-11-24,2023-11-26,2023-11-28,71 Hrs.,NARANJA
LLUVIA EN LA SELVA (ACTUALIZACIÓN DEL AVISO 261),262,2023-11-23,2023-11-24,2023-11-26,59 Hrs.,NARANJA
LLUVIA EN LA SELVA,261,2023-11-22,2023-11-24,2023-11-26,53 Hrs.,NARANJA
LLUVIA EN LA SELVA (EXTENSIÓN DEL AVISO 258),259,2023-11-21,2023-11-22,2023-11-23,47 Hrs.,ROJO
INCREMENTO DE TEMPERATURA DIURNA EN LA SIERRA Y SELVA,256,2023-11-15,2023-11-17,2023-11-19,61 Hrs.,ROJO
PRECIPITACIONES EN LA SIERRA,254,2023-11-14,2023-11-16,2023-11-17,47 Hrs.,NARANJA
PRECIPITACIONES EN LA SIERRA,249,2023-11-09,2023-11-10,2023-11-11,47 Hrs.,NARANJA
LLUVIA EN LA SELVA,248,2023-11-07,2023-11-09,2023-11-10,47 Hrs.,NARANJA
PRECIPITACIONES EN LA SIERRA,247,2023-11-07,2023-11-09,2023-11-11,71 Hrs.,NARANJA
INCREMENTO DE TEMPERATURA  DIURNA EN LA SELVA,246,2023-11-05,2023-11-07,2023-11-08,40 Hrs.,NARANJA
LLUVIA EN LA SELVA (EXTENSIÓN DEL AVISO 243),244,2023-11-03,2023-11-05,2023-11-05,23 Hrs.,NARANJA
LLUVIA EN LA SELVA,243,2023-11-01,2023-11-03,2023-11-04,35 Hrs.,NARANJA
PRECIPITACIONES EN LA SIERRA,242,2023-11-01,2023-11-03,2023-11-05,71 Hrs.,NARANJA
LLUVIA EN LA SELVA,239,2023-10-28,2023-10-30,2023-11-01,71 Hrs.,NARANJA
LLUVIA EN LA SELVA,236,2023-10-26,2023-10-28,2023-10-29,47 Hrs.,NARANJA
PRECIPITACIONES EN LA SIERRA,235,2023-10-26,2023-10-28,2023-10-30,71 Hrs.,NARANJA
PRECIPITACIONES EN LA SIERRA (EXTENSIÓN DEL AVISO 233),234,2023-10-24,2023-10-26,2023-10-27,47 Hrs.,NARANJA
PRECIPITACIONES EN LA SIERRA,233,2023-10-22,2023-10-23,2023-10-25,57 Hrs.,NARANJA
INCREMENTO DE TEMPERATURA DIURNA EN LA SIERRA Y SELVA,231,2023-10-19,2023-10-22,2023-10-25,85 Hrs.,ROJO
LLUVIA EN LA SELVA,230,2023-10-18,2023-10-20,2023-10-22,71 Hrs.,AMARILLO
INCREMENTO DE TEMPERATURA DIURNA EN LA SELVA,227,2023-10-13,2023-10-15,2023-10-17,61 Hrs.,NARANJA
LLUVIA EN LA SELVA,226,2023-10-11,2023-10-13,2023-10-15,71 Hrs.,NARANJA
PRECIPITACIONES EN LA SIERRA,224,2023-10-11,2023-10-13,2023-10-15,71 Hrs.,AMARILLO
INCREMENTO DE TEMPERATURA DIURNA EN LA SELVA,222,2023-10-09,2023-10-11,2023-10-12,40 Hrs.,NARANJA
INCREMENTO DE TEMPERATURA DIURNA EN LA SIERRA,221,2023-10-09,2023-10-11,2023-10-12,40 Hrs.,NARANJA
PRECIPITACIONES EN LA SIERRA,220,2023-10-07,2023-10-08,2023-10-10,71 Hrs.,NARANJA
LLUVIA EN LA SELVA,219,2023-10-06,2023-10-08,2023-10-10,71 Hrs.,AMARILLO
INCREMENTO DE TEMPERATURA  DIURNA EN LA SELVA (EXTENSIÓN DEL AVISO 214),217,2023-10-03,2023-10-06,2023-10-07,47 Hrs.,NARANJA
INCREMENTO DE TEMPERATURA  DIURNA EN LA SELVA,214,2023-10-01,2023-10-03,2023-10-05,61 Hrs.,NARANJA
LLUVIA EN LA SELVA,210,2023-09-29,2023-09-29,2023-09-30,35 Hrs.,NARANJA
INCREMENTO DE TEMPERATURA DIURNA EN LA SIERRA,209,2023-09-27,2023-09-29,2023-09-30,47 Hrs.,NARANJA
INCREMENTO DE TEMPERATURA DIURNA EN LA SIERRA,207,2023-09-25,2023-09-26,2023-09-28,61 Hrs.,NARANJA
INCREMENTO DE TEMPERATURA DIURNA EN LA SELVA,206,2023-09-25,2023-09-26,2023-09-28,61 Hrs.,NARANJA
INCREMENTO DE TEMPERATURA DIURNA EN LA SELVA,204,2023-09-19,2023-09-21,2023-09-23,61 Hrs.,NARANJA
INCREMENTO DE TEMPERATURA DIURNA EN LA SELVA,202,2023-09-16,2023-09-17,2023-09-18,47 Hrs.,NARANJA
LLUVIA EN LA SELVA,199,2023-09-11,2023-09-13,2023-09-15,59 Hrs.,NARANJA
PRECIPITACIONES EN LA SIERRA,198,2023-09-11,2023-09-13,2023-09-14,47 Hrs.,AMARILLO
INCREMENTO DE TEMPERATURA DIURNA EN LA SIERRA Y SELVA (EXTENSIÓN DEL AVISO 194),196,2023-09-09,2023-09-11,2023-09-12,47 Hrs.,NARANJA
INCREMENTO DE TEMPERATURA DIURNA EN LA SIERRA Y SELVA,194,2023-09-06,2023-09-08,2023-09-10,61 Hrs.,NARANJA
LLUVIA EN LA SELVA,189,2023-09-03,2023-09-05,2023-09-06,47 Hrs.,AMARILLO
INCREMENTO DE TEMPERATURA EN LA SELVA (EXTENSIÓN DEL AVISO 184),186,2023-08-31,2023-09-02,2023-09-03,47 Hrs.,NARANJA
INCREMENTO DE TEMPERATURA EN LA SELVA,184,2023-08-28,2023-08-30,2023-09-01,71 Hrs.,NARANJA
INCREMENTO DE TEMPERATURA EN LA SELVA,177,2023-08-21,2023-08-23,2023-08-25,71 Hrs.,NARANJA
DESCENSO DE TEMPERATURA NOCTURNA EN LA SIERRA (EXTENSIÓN DEL AVISO 172),175,2023-08-18,2023-08-20,2023-08-22,71 Hrs.,NARANJA
INCREMENTO DE TEMPERATURA DIURNA EN LA SIERRA,173,2023-08-16,2023-08-18,2023-08-20,71 Hrs.,NARANJA
DESCENSO DE TEMPERATURA NOCTURNA EN LA SIERRA,172,2023-08-15,2023-08-17,2023-08-19,71 Hrs.,NARANJA
INCREMENTO DE TEMPERATURA EN LA SELVA,171,2023-08-15,2023-08-17,2023-08-19,57 Hrs.,NARANJA
LLUVIA EN LA SELVA,165,2023-08-09,2023-08-12,2023-08-14,59 Hrs.,NARANJA
INCREMENTO DE TEMPERATURA EN LA SELVA (EXTENSIÓN DEL AVISO 161),163,2023-08-06,2023-08-07,2023-08-07,23 Hrs.,NARANJA
INCREMENTO DE TEMPERATURA DIURNA EN LA SIERRA (EXTENSIÓN DEL AVISO 159),160,2023-08-03,2023-08-04,2023-08-06,71 Hrs.,NARANJA
INCREMENTO DE TEMPERATURA DIURNA EN LA SIERRA,159,2023-08-01,2023-08-02,2023-08-03,47 Hrs.,NARANJA
INCREMENTO DE TEMPERATURA DIURNA EN LA SELVA,155,2023-07-28,2023-07-30,2023-08-01,59 Hrs.,NARANJA
LLUVIA EN LA SELVA,154,2023-07-26,2023-07-28,2023-07-29,47 Hrs.,AMARILLO
INCREMENTO DE VIENTO EN LA SIERRA NORTE,153,2023-07-26,2023-07-28,2023-07-30,61 Hrs.,AMARILLO
INCREMENTO DE TEMPERATURA DIURNA EN LA SIERRA Y SELVA ALTA CENTRAL,152,2023-07-24,2023-07-25,2023-07-27,57 Hrs.,NARANJA
DESCENSO DE TEMPERATURA NOCTURNA EN LA SIERRA (EXTENSIÓN DEL AVISO 147),150,2023-07-22,2023-07-24,2023-07-25,32 Hrs.,NARANJA
INCREMENTO DE TEMPERATURA DIURNA EN LA SIERRA Y SELVA,148,2023-07-20,2023-07-22,2023-07-24,61 Hrs.,ROJO
DESCENSO DE TEMPERATURA NOCTURNA EN LA SIERRA,147,2023-07-19,2023-07-21,2023-07-23,71 Hrs.,NARANJA
DESCENSO DE TEMPERATURA NOCTURNA EN LA SIERRA,138,2023-07-03,2023-07-05,2023-07-07,71 Hrs.,NARANJA
DESCENSO DE TEMPERATURA NOCTURNA EN LA SIERRA,137,2023-06-30,2023-07-02,2023-07-04,71 Hrs.,NARANJA
DESCENSO DE TEMPERATURA NOCTURNA EN LA SIERRA (ACTUALIZACIÓN DEL AVISO 131),132,2023-06-19,2023-06-20,2023-06-22,71 Hrs.,NARANJA
DESCENSO DE TEMPERATURA NOCTURNA EN LA SIERRA,129,2023-06-15,2023-06-17,2023-06-19,71 Hrs.,NARANJA
FRIAJE EN LA SELVA (EXTENSIÓN DEL AVISO 123),128,2023-06-14,2023-06-16,2023-06-17,47 Hrs.,NARANJA
PRECIPITACIONES EN LA SIERRA,125,2023-06-11,2023-06-12,2023-06-14,71 Hrs.,AMARILLO
INCREMENTO DE VIENTO EN LA SELVA,124,2023-06-09,2023-06-13,2023-06-15,71 Hrs.,NARANJA
FRIAJE EN LA SELVA,123,2023-06-09,2023-06-13,2023-06-15,71 Hrs.,ROJO
LLUVIA EN LA SELVA,122,2023-06-09,2023-06-12,2023-06-14,71 Hrs.,NARANJA
PRECIPITACIONES EN LA COSTA NORTE Y SIERRA,114,2023-05-23,2023-05-25,2023-05-27,59 Hrs.,AMARILLO
LLUVIA EN LA SELVA,112,2023-05-20,2023-05-22,2023-05-24,71 Hrs.,ROJO
INCREMENTO DE VIENTO EN LA SELVA,107,2023-05-11,2023-05-13,2023-05-14,47 Hrs.,AMARILLO
LLUVIA EN LA SELVA (EXTENSIÓN DEL AVISO 099),102,2023-05-06,2023-05-08,2023-05-09,47 Hrs.,NARANJA
LLUVIA EN LA SELVA,099,2023-05-02,2023-05-05,2023-05-07,71 Hrs.,NARANJA
INCREMENTO DE TEMPERATURA DIURNA EN LA SELVA,093,2023-04-28,2023-04-29,2023-05-01,54 Hrs.,NARANJA
LLUVIA EN LA SELVA NORTE,092,2023-04-26,2023-04-28,2023-04-29,47 Hrs.,NARANJA
LLUVIA EN LA SELVA,086,2023-04-21,2023-04-23,2023-04-24,47 Hrs.,NARANJA
PRECIPITACIONES EN LA COSTA NORTE Y SIERRA NORTE-CENTRO,084,2023-04-20,2023-04-22,2023-04-23,47 Hrs.,ROJO
LLUVIA EN LA SELVA,082,2023-04-17,2023-04-19,2023-04-21,71 Hrs.,NARANJA
PRECIPITACIONES EN LA COSTA NORTE Y SIERRA NORTE-CENTRO,077,2023-04-14,2023-04-16,2023-04-18,71 Hrs.,ROJO
LLUVIA EN LA SELVA,076,2023-04-13,2023-04-15,2023-04-17,71 Hrs.,NARANJA
PRECIPITACIONES EN LA COSTA NORTE Y LA SIERRA (ACTUALIZACIÓN DEL AVISO 074),075,2023-04-13,2023-04-15,2023-04-15,23 Hrs.,ROJO
PRECIPITACIONES EN LA COSTA NORTE Y LA SIERRA,074,2023-04-11,2023-04-13,2023-04-15,71 Hrs.,ROJO
PRECIPITACIONES EN LA COSTA NORTE Y SIERRA,073,2023-04-08,2023-04-10,2023-04-12,71 Hrs.,ROJO
LLUVIA EN LA SELVA (ACTUALIZACIÓN DEL AVISO 068),071,2023-04-05,2023-04-08,2023-04-08,23 Hrs.,NARANJA
PRECIPITACIONES EN LA COSTA NORTE Y SIERRA,070,2023-04-05,2023-04-07,2023-04-09,71 Hrs.,ROJO
LLUVIA EN LA SELVA,068,2023-04-03,2023-04-05,2023-04-08,95 Hrs.,NARANJA
PRECIPITACIONES EN LA COSTA NORTE Y SIERRA (EXTENSIÓN DEL AVISO 064),067,2023-04-02,2023-04-04,2023-04-06,71 Hrs.,ROJO
LLUVIA EN LA SELVA,062,2023-03-28,2023-03-30,2023-03-31,47 Hrs.,NARANJA
LLUVIA EN LA SELVA,060,2023-03-26,2023-03-27,2023-03-27,23 Hrs.,NARANJA
PRECIPITACIONES EN LA COSTA NORTE Y SIERRA,059,2023-03-25,2023-03-27,2023-03-29,71 Hrs.,ROJO
PRECIPITACIONES EN LA COSTA NORTE Y SIERRA,058,2023-03-22,2023-03-24,2023-03-26,71 Hrs.,NARANJA
LLUVIA EN LA SELVA,055,2023-03-20,2023-03-22,2023-03-24,71 Hrs.,NARANJA
LLUVIA EN LA SELVA,050,2023-03-15,2023-03-17,2023-03-19,71 Hrs.,NARANJA
PRECIPITACIONES EN LA COSTA Y SIERRA,048,2023-03-13,2023-03-15,2023-03-17,71 Hrs.,ROJO
LLUVIA EN LA SELVA,047,2023-03-11,2023-03-13,2023-03-14,47 Hrs.,NARANJA
PRECIPITACIONES EN LA COSTA Y SIERRA,046,2023-03-10,2023-03-12,2023-03-14,71 Hrs.,ROJO
LLUVIA EN LA SELVA,045,2023-03-07,2023-03-09,2023-03-11,71 Hrs.,NARANJA
PRECIPITACIONES EN LA COSTA NORTE Y SIERRA,044,2023-03-07,2023-03-09,2023-03-11,71 Hrs.,ROJO
PRECIPITACIONES EN LA COSTA NORTE Y SIERRA,043,2023-03-04,2023-03-06,2023-03-08,71 Hrs.,ROJO
LLUVIA EN LA SELVA,041,2023-03-01,2023-03-03,2023-03-05,71 Hrs.,NARANJA
INCREMENTO DE VIENTO EN LA SIERRA NORTE,039,2023-02-26,2023-02-28,2023-03-01,47 Hrs.,NARANJA
LLUVIA EN LA SELVA,038,2023-02-25,2023-02-27,2023-02-28,47 Hrs.,NARANJA
PRECIPITACIONES EN LA COSTA NORTE Y SIERRA,037,2023-02-24,2023-02-26,2023-02-27,47 Hrs.,NARANJA
LLUVIA EN LA SELVA,030,2023-02-13,2023-02-17,2023-02-19,71 Hrs.,ROJO
LLUVIA EN LA SELVA NORTE Y CENTRO,028,2023-02-10,2023-02-12,2023-02-13,47 Hrs.,AMARILLO
LLUVIA EN LA SELVA,026,2023-02-08,2023-02-10,2023-02-11,47 Hrs.,NARANJA
LLUVIA EN LA SELVA,020,2023-01-30,2023-01-31,2023-02-02,71 Hrs.,NARANJA
INCREMENTO DE VIENTO EN LA SIERRA NORTE,016,2023-01-21,2023-01-23,2023-01-25,71 Hrs.,AMARILLO
LLUVIA EN LA SELVA,013,2023-01-17,2023-01-18,2023-01-20,59 Hrs.,NARANJA
PRECIPITACIONES EN LA SIERRA,012,2023-01-16,2023-01-18,2023-01-20,71 Hrs.,NARANJA
PRECIPITACIONES EN LA SIERRA NORTE Y CENTRO,007,2023-01-10,2023-01-12,2023-01-13,47 Hrs.,AMARILLO
LLUVIA EN LA SELVA NORTE,005,2023-01-05,2023-01-07,2023-01-08,47 Hrs.,AMARILLO
INCREMENTO DE TEMPERATURA DIURNA EN LA SELVA NORTE Y CENTRO,262,2022-12-25,2022-12-27,2022-12-28,37 Hrs.,AMARILLO
PRECIPITACIONES EN LA SIERRA,256,2022-12-20,2022-12-22,2022-12-24,59 Hrs.,AMARILLO
DESCENSO DE TEMPERATURA NOCTURNA EN LA SIERRA (EXTENSIÓN DEL AVISO 242),244,2022-12-01,2022-12-03,2022-12-05,56 Hrs.,ROJO
LLUVIA EN LA SELVA,243,2022-11-30,2022-12-02,2022-12-03,47 Hrs.,AMARILLO
LLUVIA EN LA SELVA,238,2022-11-19,2022-11-22,2022-11-24,60 Hrs.,NARANJA
PRECIPITACIONES EN LA SIERRA NORTE Y CENTRO,235,2022-11-13,2022-11-15,2022-11-17,71 Hrs.,AMARILLO
LLUVIA EN LA SELVA,234,2022-11-12,2022-11-15,2022-11-17,60 Hrs.,NARANJA
INCREMENTO DE TEMPERATURA EN LA SELVA (EXTENSIÓN DEL AVISO 228),230,2022-11-06,2022-11-08,2022-11-09,47 Hrs.,NARANJA
INCREMENTO DE TEMPERATURA EN LA SELVA,228,2022-11-03,2022-11-05,2022-11-07,59 Hrs.,NARANJA
INCREMENTO DE VIENTO EN LA SELVA,225,2022-10-28,2022-10-31,2022-11-02,55 Hrs.,ROJO
VIGESIMO QUINTO FRIAJE EN LA SELVA,224,2022-10-28,2022-11-01,2022-11-03,71 Hrs.,ROJO
LLUVIA EN LA SELVA,223,2022-10-28,2022-10-31,2022-11-02,59 Hrs.,ROJO
LLUVIA EN LA SELVA,221,2022-10-27,2022-10-28,2022-10-29,47 Hrs.,NARANJA
PRECIPITACIONES EN LA SIERRA NORTE Y CENTRO,218,2022-10-24,2022-10-26,2022-10-27,47 Hrs.,AMARILLO
PRECIPITACIONES EN LA SIERRA NORTE Y CENTRO,217,2022-10-22,2022-10-24,2022-10-25,47 Hrs.,NARANJA
LLUVIA EN LA SELVA,215,2022-10-19,2022-10-21,2022-10-23,59 Hrs.,NARANJA
PRECIPITACIONES EN LA SIERRA NORTE Y CENTRO,214,2022-10-18,2022-10-19,2022-10-22,83 Hrs.,NARANJA
PRECIPITACIONES EN LA SIERRA CENTRO Y NORTE,211,2022-10-15,2022-10-17,2022-10-18,47 Hrs.,AMARILLO
LLUVIA EN LA SELVA,210,2022-10-14,2022-10-16,2022-10-19,95 Hrs.,NARANJA
PRECIPITACIONES EN LA SIERRA,209,2022-10-12,2022-10-14,2022-10-16,59 Hrs.,NARANJA
LLUVIA EN LA SELVA,208,2022-10-11,2022-10-13,2022-10-15,71 Hrs.,NARANJA
LLUVIA EN LA SELVA,205,2022-10-08,2022-10-10,2022-10-11,47 Hrs.,NARANJA
PRECIPITACIONES EN LA SIERRA NORTE Y CENTRO,203,2022-10-06,2022-10-07,2022-10-09,71 Hrs.,AMARILLO
LLUVIA EN LA SELVA,202,2022-10-05,2022-10-07,2022-10-08,47 Hrs.,AMARILLO
PRECIPITACIONES EN LA SIERRA,198,2022-09-28,2022-09-30,2022-10-02,71 Hrs.,NARANJA
LLUVIA EN LA SELVA,197,2022-09-26,2022-09-29,2022-10-01,62 Hrs.,NARANJA
INCREMENTO DE TEMPERATURA DIURNA EN LA SELVA,196,2022-09-26,2022-09-27,2022-09-29,53 Hrs.,AMARILLO
LLUVIA EN LA SELVA,189,2022-09-20,2022-09-22,2022-09-24,71 Hrs.,AMARILLO
INCREMENTO DE TEMPERATURA DIURNA EN LA SELVA,187,2022-09-19,2022-09-20,2022-09-22,53 Hrs.,AMARILLO
PRECIPITACIONES EN LA SIERRA NORTE Y CENTRO,183,2022-09-14,2022-09-16,2022-09-16,23 Hrs.,AMARILLO
LLUVIA EN LA SELVA,181,2022-09-12,2022-09-14,2022-09-16,59 Hrs.,AMARILLO
INCREMENTO DE TEMPERATURA DIURNA EN LA SELVA,177,2022-09-05,2022-09-07,2022-09-09,56 Hrs.,AMARILLO
DESCENSO DE TEMPERATURA NOCTURNA EN LA SIERRA NORTE Y CENTRO,176,2022-09-05,2022-09-07,2022-09-08,47 Hrs.,NARANJA
DESCENSO DE TEMPERATURA NOCTURNA EN LA SIERRA NORTE Y CENTRO,171,2022-08-29,2022-08-31,2022-09-02,56 Hrs.,NARANJA
LLUVIA EN LA SELVA NORTE Y CENTRO,168,2022-08-26,2022-08-29,2022-08-30,42 Hrs.,AMARILLO
DESCENSO DE TEMPERATURA NOCTURNA EN LA SIERRA,165,2022-08-19,2022-08-21,2022-08-23,56 Hrs.,NARANJA
DECIMOQUINTO FRIAJE EN LA SELVA,163,2022-08-16,2022-08-19,2022-08-21,71 Hrs.,ROJO
LLUVIA EN LA SELVA,162,2022-08-16,2022-08-18,2022-08-20,46 Hrs.,NARANJA
LLUVIA EN LA SELVA,157,2022-08-06,2022-08-09,2022-08-11,63 Hrs.,NARANJA
LLUVIA EN LA SELVA NORTE Y CENTRO,153,2022-08-03,2022-08-04,2022-08-05,35 Hrs.,AMARILLO
INCREMENTO DE TEMPERATURA DIURNA EN LA SELVA,147,2022-07-25,2022-07-27,2022-07-29,61 Hrs.,NARANJA
LLUVIA EN LA SIERRA NORTE,145,2022-07-24,2022-07-25,2022-07-26,47 Hrs.,AMARILLO
INCREMENTO DE VIENTO EN LA SIERRA NORTE Y CENTRO,141,2022-07-16,2022-07-18,2022-07-19,47 Hrs.,AMARILLO
LLUVIA EN LA SELVA,139,2022-07-14,2022-07-16,2022-07-18,57 Hrs.,NARANJA
INCREMENTO DE VIENTO EN LA SIERRA NORTE,131,2022-07-01,2022-07-03,2022-07-05,59 Hrs.,AMARILLO
DESCENSO DE TEMPERATURA NOCTURNA EN LA SIERRA,128,2022-06-28,2022-06-30,2022-07-02,56 Hrs.,NARANJA
NOVENO FRIAJE EN LA SELVA,110,2022-06-09,2022-06-11,2022-06-13,71 Hrs.,NARANJA
LLUVIA EN LA SELVA,109,2022-06-08,2022-06-09,2022-06-11,57 Hrs.,NARANJA
PRECIPITACIONES EN LA SIERRA NORTE Y CENTRO,097,2022-05-16,2022-05-17,2022-05-18,35 Hrs.,AMARILLO
LLUVIA EN LA SELVA,095,2022-05-12,2022-05-15,2022-05-17,59 Hrs.,NARANJA
LLUVIA EN LA SELVA,092,2022-05-02,2022-05-04,2022-05-06,71 Hrs.,NARANJA
LLUVIA EN LA SELVA NORTE Y CENTRO,089,2022-04-27,2022-04-29,2022-04-30,47 Hrs.,AMARILLO
LLUVIA EN LA SELVA,083,2022-04-13,2022-04-14,2022-04-16,59 Hrs.,NARANJA
LLUVIA EN LA SELVA,078,2022-04-06,2022-04-08,2022-04-09,47 Hrs.,AMARILLO
PRECIPITACIONES EN LA SIERRA (EXTENSIÓN DEL AVISO 074),077,2022-03-31,2022-04-02,2022-04-02,23 Hrs.,NARANJA
PRECIPITACIONES EN LA SIERRA,074,2022-03-28,2022-03-30,2022-04-01,71 Hrs.,NARANJA
LLUVIA EN LA SELVA,072,2022-03-27,2022-03-28,2022-03-28,23 Hrs.,NARANJA
PRECIPITACIONES EN LA SIERRA,069,2022-03-23,2022-03-24,2022-03-26,57 Hrs.,AMARILLO
LLUVIA EN LA SELVA (ACTUALIZACIÓN DEL AVISO 067),068,2022-03-23,2022-03-25,2022-03-27,55 Hrs.,NARANJA
LLUVIA EN LA SELVA (AVISO CANCELADO),067,2022-03-22,2022-03-25,2022-03-27,55 Hrs.,NARANJA
LLUVIA EN LA SELVA,064,2022-03-17,2022-03-19,2022-03-21,71 Hrs.,NARANJA
PRECIPITACIONES EN LA SIERRA (ACTUALIZACIÓN DEL AVISO 058),059,2022-03-14,2022-03-15,2022-03-16,47 Hrs.,NARANJA
PRECIPITACIONES EN LA SIERRA (AVISO CANCELADO),058,2022-03-13,2022-03-15,2022-03-16,47 Hrs.,NARANJA
PRECIPITACIONES EN LA SIERRA,057,2022-03-11,2022-03-13,2022-03-14,47 Hrs.,NARANJA
LLUVIA EN LA SELVA,055,2022-03-09,2022-03-12,2022-03-14,59 Hrs.,NARANJA
LLUVIA EN LA SELVA,051,2022-03-07,2022-03-08,2022-03-09,47 Hrs.,NARANJA
LLUVIA EN LA SELVA,049,2022-03-04,2022-03-05,2022-03-06,47 Hrs.,NARANJA
LLUVIA EN LA SELVA,043,2022-02-23,2022-02-25,2022-02-26,47 Hrs.,NARANJA
PRECIPITACIONES EN LA SIERRA,036,2022-02-14,2022-02-15,2022-02-17,59 Hrs.,NARANJA
LLUVIA EN LA SELVA,034,2022-02-10,2022-02-12,2022-02-14,59 Hrs.,NARANJA
PRECIPITACIONES EN LA SIERRA,022,2022-01-24,2022-01-26,2022-01-27,35 Hrs.,NARANJA
LLUVIA EN LA SELVA,021,2022-01-24,2022-01-25,2022-01-26,47 Hrs.,NARANJA
PRECIPITACIONES EN LA SIERRA (EXTENSIÓN DEL AVISO 016),017,2022-01-21,2022-01-23,2022-01-23,23 Hrs.,AMARILLO
INCREMENTO DE TEMPERATURA EN LA SELVA NORTE  Y CENTRO,003,2022-01-04,2022-01-06,2022-01-08,71 Hrs.,ROJO
LLUVIA EN SELVA (EXTENSIÓN DEL AVISO 233),234,2021-12-16,2021-12-18,2021-12-18,23 Hrs.,NARANJA
LLUVIA EN LA SELVA,223,2021-12-01,2021-12-03,2021-12-04,29 Hrs.,NARANJA
LLUVIA EN LA SELVA,216,2021-11-15,2021-11-17,2021-11-19,59 Hrs.,NARANJA
LLUVIA EN LA SELVA,214,2021-11-10,2021-11-11,2021-11-13,71 Hrs.,NARANJA
LLUVIA EN LA SELVA,213,2021-11-07,2021-11-08,2021-11-10,71 Hrs.,NARANJA
PRECIPITACIONES EN LA SIERRA NORTE Y CENTRO,210,2021-11-04,2021-11-05,2021-11-07,57 Hrs.,NARANJA
LLUVIA EN LA SELVA,209,2021-11-02,2021-11-03,2021-11-05,71 Hrs.,AMARILLO
LLUVIA EN LA SELVA,205,2021-10-26,2021-10-28,2021-10-29,47 Hrs.,AMARILLO
LLUVIA EN LA SELVA,200,2021-10-22,2021-10-24,2021-10-27,77 Hrs.,NARANJA
PRECIPITACIONES EN LA SIERRA,196,2021-10-15,2021-10-17,2021-10-18,35 Hrs.,NARANJA
LLUVIA EN LA SELVA,195,2021-10-15,2021-10-16,2021-10-19,95 Hrs.,NARANJA
INCREMENTO DE TEMPERATURA EN LA SELVA,192,2021-10-11,2021-10-13,2021-10-15,71 Hrs.,NARANJA
LLUVIA EN LA SELVA (EXTENSIÓN DEL AVISO 187),190,2021-10-05,2021-10-07,2021-10-07,23 Hrs.,AMARILLO
LLUVIA EN LA SELVA,187,2021-10-01,2021-10-04,2021-10-06,59 Hrs.,NARANJA
INCREMENTO DE VIENTO EN LA SIERRA NORTE Y CENTRO,184,2021-09-22,2021-09-24,2021-09-25,39 Hrs.,AMARILLO
INCREMENTO DE TEMPERATURA EN LA SELVA,177,2021-09-11,2021-09-12,2021-09-14,60 Hrs.,NARANJA
LLUVIA EN LA SELVA,175,2021-09-06,2021-09-09,2021-09-11,71 Hrs.,NARANJA
LLUVIA EN LA SELVA NORTE Y CENTRO,172,2021-08-28,2021-08-30,2021-08-30,23 Hrs.,NARANJA
PRECIPITACIONES EN LA SIERRA NORTE Y CENTRO,171,2021-08-26,2021-08-28,2021-08-30,59 Hrs.,NARANJA
LLUVIA EN LA SELVA (ACTUALIZACIÓN DEL AVISO 167),170,2021-08-26,2021-08-26,2021-08-29,80 Hrs.,NARANJA
LLUVIA EN LA SELVA,167,2021-08-23,2021-08-26,2021-08-29,80 Hrs.,NARANJA
INCREMENTO DE VIENTO EN LA SIERRA NORTE,159,2021-08-08,2021-08-10,2021-08-12,59 Hrs.,AMARILLO
DESCENSO DE TEMPERATURA NOCTURNA EN LA SIERRA (EXTENSIÓN DEL AVISO 154),155,2021-08-05,2021-08-07,2021-08-08,32 Hrs.,AMARILLO
INCREMENTO DE VIENTO EN LA SIERRA NORTE,152,2021-07-31,2021-08-01,2021-08-02,35 Hrs.,AMARILLO
LLUVIA EN LA SELVA,147,2021-07-24,2021-07-28,2021-07-30,71 Hrs.,NARANJA
INCREMENTO DE TEMPERATURA EN LA SELVA,145,2021-07-22,2021-07-24,2021-07-26,63 Hrs.,AMARILLO
INCREMENTO DE VIENTO EN LA SIERRA NORTE,143,2021-07-20,2021-07-21,2021-07-22,47 Hrs.,NARANJA
INCREMENTO DE VIENTO EN LA SIERRA NORTE,141,2021-07-16,2021-07-19,2021-07-20,47 Hrs.,AMARILLO
LLUVIA EN LA SELVA,139,2021-07-14,2021-07-17,2021-07-19,53 Hrs.,NARANJA
DESCENSO DE TEMPERATURA NOCTURNA EN LA SIERRA (EXTENSIÓN DEL AVISO 132),134,2021-07-02,2021-07-04,2021-07-06,56 Hrs.,ROJO
LLUVIA EN LA SELVA,130,2021-06-25,2021-06-27,2021-06-30,82 Hrs.,NARANJA
UNDÉCIMO FRIAJE EN LA SELVA,129,2021-06-24,2021-06-28,2021-07-01,95 Hrs.,ROJO
LLUVIA EN LA SELVA NORTE,125,2021-06-16,2021-06-18,2021-06-19,34 Hrs.,AMARILLO
LLUVIA EN LA SELVA,117,2021-06-08,2021-06-11,2021-06-13,60 Hrs.,NARANJA
LLUVIA EN LA SELVA NORTE,116,2021-06-04,2021-06-06,2021-06-07,47 Hrs.,NARANJA
LLUVIA EN LA SELVA,112,2021-05-28,2021-05-30,2021-05-31,35 Hrs.,NARANJA
LLUVIA EN LA SELVA,105,2021-05-21,2021-05-23,2021-05-25,59 Hrs.,NARANJA
LLUVIA EN LA SELVA,100,2021-05-14,2021-05-15,2021-05-17,57 Hrs.,AMARILLO
LLUVIA EN LA SELVA,097,2021-05-10,2021-05-12,2021-05-13,47 Hrs.,AMARILLO
INCREMENTO DE VIENTO EN LA SIERRA NORTE,095,2021-05-08,2021-05-10,2021-05-11,47 Hrs.,AMARILLO
LLUVIA EN LA SELVA,091,2021-05-04,2021-05-06,2021-05-08,71 Hrs.,NARANJA
LLUVIA EN LA SELVA,084,2021-04-23,2021-04-25,2021-04-27,59 Hrs.,NARANJA
LLUVIA EN LA SELVA,074,2021-04-09,2021-04-11,2021-04-13,59 Hrs.,NARANJA
LLUVIA EN LA SELVA,068,2021-03-31,2021-04-01,2021-04-04,77 Hrs.,NARANJA
LLUVIA EN LA SELVA,065,2021-03-25,2021-03-27,2021-03-29,71 Hrs.,ROJO
LLUVIA EN LA SELVA,055,2021-03-17,2021-03-19,2021-03-21,71 Hrs.,NARANJA
PRECIPITACIONES EN LA COSTA Y SIERRA,051,2021-03-12,2021-03-13,2021-03-15,59 Hrs.,NARANJA
PRECIPITACIONES EN LA SIERRA (ACTUALIZACIÓN DEL AVISO 045),047,2021-03-08,2021-03-08,2021-03-10,57 Hrs.,NARANJA
LLUVIA EN LA SELVA,046,2021-03-07,2021-03-09,2021-03-10,47 Hrs.,NARANJA
PRECIPITACIONES EN LA SIERRA,039,2021-02-26,2021-02-28,2021-03-02,71 Hrs.,AMARILLO
LLUVIA EN LA SELVA,038,2021-02-26,2021-02-28,2021-03-02,71 Hrs.,AMARILLO
LLUVIA EN LA SELVA,037,2021-02-20,2021-02-21,2021-02-22,47 Hrs.,AMARILLO
LLUVIA EN LA SELVA,033,2021-02-15,2021-02-17,2021-02-18,47 Hrs.,NARANJA
LLUVIA EN LA SELVA,030,2021-02-10,2021-02-12,2021-02-13,47 Hrs.,AMARILLO
LLUVIA EN LA SELVA,028,2021-02-08,2021-02-10,2021-02-11,47 Hrs.,ROJO
LLUVIA EN LA SELVA,024,2021-02-03,2021-02-05,2021-02-06,47 Hrs.,NARANJA
LLUVIA EN LA SELVA (EXTENSIÓN DEL AVISO 017),019,2021-01-28,2021-01-30,2021-01-31,47 Hrs.,NARANJA
INCREMENTO DE VIENTO EN LA SIERRA NORTE,018,2021-01-28,2021-01-30,2021-02-01,57 Hrs.,AMARILLO
LLUVIA EN LA SELVA,017,2021-01-26,2021-01-28,2021-01-29,47 Hrs.,NARANJA
LLUVIA EN LA SELVA,013,2021-01-20,2021-01-22,2021-01-24,55 Hrs.,NARANJA
LLUVIA EN LA SELVA,010,2021-01-16,2021-01-18,2021-01-20,71 Hrs.,NARANJA
LLUVIA EN LA SELVA,004,2021-01-03,2021-01-05,2021-01-06,47 Hrs.,ROJO
